{
  "generated_at_brt": "2025-10-20T14:05:20-03:00",
  "eq": {
    "NYSEARCA:VUG": {
      "RSI14": 57.58,
      "ATR14": 3.852764,
      "BB_MA20": 479.651445,
      "BB_LOWER": 471.138946,
      "CLOSE": 484.7379150390625
    },
    "NYSEARCA:IVW": {
      "RSI14": 56.86,
      "ATR14": 0.896066,
      "BB_MA20": 120.571501,
      "BB_LOWER": 118.697476,
      "CLOSE": 121.5199966430664
    },
    "NYSEARCA:IUSG": {
      "RSI14": 56.67,
      "ATR14": 1.204719,
      "BB_MA20": 164.3755,
      "BB_LOWER": 161.848128,
      "CLOSE": 165.58999633789062
    },
    "NYSEARCA:SGOV": {
      "RSI14": 97.07,
      "ATR14": 0.016846,
      "BB_MA20": 100.431928,
      "BB_LOWER": 100.254502,
      "CLOSE": 100.58000183105469
    },
    "NASDAQ:QQQM": {
      "RSI14": 61.09,
      "ATR14": 2.005589,
      "BB_MA20": 247.765001,
      "BB_LOWER": 242.98181,
      "CLOSE": 252.0399932861328
    },
    "NASDAQ:SOXX": {
      "RSI14": 63.91,
      "ATR14": 4.855325,
      "BB_MA20": 280.0245,
      "BB_LOWER": 262.627898,
      "CLOSE": 294.0899963378906
    },
    "NASDAQ:NVDA": {
      "RSI14": 51.82,
      "ATR14": 2.907521,
      "BB_MA20": 183.8105,
      "BB_LOWER": 175.17291,
      "CLOSE": 184.1199951171875
    },
    "NASDAQ:AVGO": {
      "RSI14": 55.12,
      "ATR14": 6.790736,
      "BB_MA20": 340.455499,
      "BB_LOWER": 323.292709,
      "CLOSE": 349.7900085449219
    },
    "NYSE:TSM": {
      "RSI14": 58.72,
      "ATR14": 6.844554,
      "BB_MA20": 290.737749,
      "BB_LOWER": 269.772574,
      "CLOSE": 300.07501220703125
    },
    "NYSE:PLTR": {
      "RSI14": 55.81,
      "ATR14": 3.182039,
      "BB_MA20": 180.3195,
      "BB_LOWER": 173.552472,
      "CLOSE": 182.22999572753906
    },
    "NYSE:VST": {
      "RSI14": 44.12,
      "ATR14": 5.056138,
      "BB_MA20": 203.0735,
      "BB_LOWER": 193.614226,
      "CLOSE": 195.22000122070312
    },
    "NYSEARCA:ARGT": {
      "RSI14": 47.24,
      "ATR14": 1.35737,
      "BB_MA20": 71.49375,
      "BB_LOWER": 66.774813,
      "CLOSE": 71.48500061035156
    },
    "NYSEARCA:SPY": {
      "RSI14": 59.2,
      "ATR14": 4.026496,
      "BB_MA20": 665.29501,
      "BB_LOWER": 655.229119,
      "CLOSE": 671.4902954101562
    },
    "NYSEARCA:VOO": {
      "RSI14": 59.3,
      "ATR14": 3.66838,
      "BB_MA20": 611.636264,
      "BB_LOWER": 602.397203,
      "CLOSE": 617.3370971679688
    },
    "NYSEARCA:VTI": {
      "RSI14": 58.84,
      "ATR14": 2.046744,
      "BB_MA20": 327.965048,
      "BB_LOWER": 323.037283,
      "CLOSE": 330.9750061035156
    },
    "NASDAQ:QQQ": {
      "RSI14": 61.03,
      "ATR14": 4.894588,
      "BB_MA20": 601.865997,
      "BB_LOWER": 590.23806,
      "CLOSE": 612.25
    },
    "NYSEARCA:XLK": {
      "RSI14": 60.89,
      "ATR14": 2.784711,
      "BB_MA20": 283.7675,
      "BB_LOWER": 276.09023,
      "CLOSE": 289.04998779296875
    },
    "NYSEARCA:SMH": {
      "RSI14": 64.22,
      "ATR14": 5.133245,
      "BB_MA20": 334.517996,
      "BB_LOWER": 315.74593,
      "CLOSE": 348.8299865722656
    },
    "NYSEARCA:IJR": {
      "RSI14": 55.01,
      "ATR14": 1.172545,
      "BB_MA20": 118.415249,
      "BB_LOWER": 115.833401,
      "CLOSE": 119.43499755859375
    },
    "NYSEARCA:IWF": {
      "RSI14": 57.84,
      "ATR14": 3.662955,
      "BB_MA20": 468.313048,
      "BB_LOWER": 460.410458,
      "CLOSE": 473.02099609375
    },
    "NYSEARCA:IWD": {
      "RSI14": 57.98,
      "ATR14": 1.153451,
      "BB_MA20": 203.235999,
      "BB_LOWER": 200.395137,
      "CLOSE": 204.8000030517578
    },
    "NYSEARCA:XLV": {
      "RSI14": 67.57,
      "ATR14": 0.908328,
      "BB_MA20": 141.28875,
      "BB_LOWER": 134.393561,
      "CLOSE": 144.6649932861328
    },
    "NYSEARCA:XLF": {
      "RSI14": 46.74,
      "ATR14": 0.41046,
      "BB_MA20": 53.27225,
      "BB_LOWER": 52.01436,
      "CLOSE": 52.744998931884766
    },
    "NYSEARCA:XLE": {
      "RSI14": 45.13,
      "ATR14": 0.754449,
      "BB_MA20": 88.335,
      "BB_LOWER": 84.469536,
      "CLOSE": 86.58999633789062
    },
    "NASDAQ:MSFT": {
      "RSI14": 52.05,
      "ATR14": 3.454224,
      "BB_MA20": 515.854247,
      "BB_LOWER": 504.802746,
      "CLOSE": 516.864990234375
    },
    "NASDAQ:AAPL": {
      "RSI14": 67.76,
      "ATR14": 3.27073,
      "BB_MA20": 253.88475,
      "BB_LOWER": 245.022154,
      "CLOSE": 263.9150085449219
    },
    "NASDAQ:GOOGL": {
      "RSI14": 67.54,
      "ATR14": 2.805652,
      "BB_MA20": 246.734004,
      "BB_LOWER": 237.985468,
      "CLOSE": 256.16009521484375
    },
    "NASDAQ:AMZN": {
      "RSI14": 40.76,
      "ATR14": 2.687031,
      "BB_MA20": 219.481996,
      "BB_LOWER": 212.389877,
      "CLOSE": 214.9499053955078
    },
    "NASDAQ:META": {
      "RSI14": 49.84,
      "ATR14": 9.380582,
      "BB_MA20": 726.435001,
      "BB_LOWER": 694.203585,
      "CLOSE": 730.969970703125
    },
    "NASDAQ:AMD": {
      "RSI14": 73.95,
      "ATR14": 6.961545,
      "BB_MA20": 197.283424,
      "BB_LOWER": 131.945219,
      "CLOSE": 242.27850341796875
    },
    "NASDAQ:LRCX": {
      "RSI14": 62.69,
      "ATR14": 3.370649,
      "BB_MA20": 138.562292,
      "BB_LOWER": 125.310982,
      "CLOSE": 145.02589416503906
    },
    "NASDAQ:ASML": {
      "RSI14": 69.33,
      "ATR14": 18.045117,
      "BB_MA20": 991.708005,
      "BB_LOWER": 924.121237,
      "CLOSE": 1049.6300048828125
    },
    "NYSE:COST": {
      "RSI14": 48.96,
      "ATR14": 9.056444,
      "BB_MA20": 929.388504,
      "BB_LOWER": 902.811965,
      "CLOSE": 935.2000122070312
    },
    "NYSE:UNH": {
      "RSI14": 64.14,
      "ATR14": 4.398394,
      "BB_MA20": 355.709874,
      "BB_LOWER": 340.372692,
      "CLOSE": 364.8074951171875
    },
    "NYSE:JPM": {
      "RSI14": 47.56,
      "ATR14": 3.132284,
      "BB_MA20": 307.148997,
      "BB_LOWER": 297.227325,
      "CLOSE": 302.3599853515625
    },
    "NYSE:BRK.B": {
      "RSI14": 47.65,
      "ATR14": 3.095307,
      "BB_MA20": 496.3285,
      "BB_LOWER": 488.529884,
      "CLOSE": 491.9800109863281
    },
    "NYSE:NVO": {
      "RSI14": 46.92,
      "ATR14": 1.006444,
      "BB_MA20": 57.490751,
      "BB_LOWER": 54.13228,
      "CLOSE": 56.125
    },
    "NYSE:LLY": {
      "RSI14": 52.9,
      "ATR14": 11.698692,
      "BB_MA20": 800.411121,
      "BB_LOWER": 710.513102,
      "CLOSE": 801.842529296875
    }
  },
  "cr": {
    "BINANCE:BTCUSDT": {
      "RSI14": 38.29,
      "ATR14": 2192.689492,
      "BB_MA20": 115843.779,
      "BB_LOWER": 103688.497043,
      "CLOSE": 110897.17
    },
    "BINANCE:ETHUSDT": {
      "RSI14": 34.56,
      "ATR14": 139.363965,
      "BB_MA20": 4200.6195,
      "BB_LOWER": 3627.99816,
      "CLOSE": 3962.0
    },
    "BINANCE:SOLUSDT": {
      "RSI14": 31.78,
      "ATR14": 8.740048,
      "BB_MA20": 207.3335,
      "BB_LOWER": 167.901264,
      "CLOSE": 188.11
    },
    "BINANCE:LINKUSDT": {
      "RSI14": 37.64,
      "ATR14": 0.9619,
      "BB_MA20": 19.951,
      "BB_LOWER": 15.220745,
      "CLOSE": 18.72
    },
    "BINANCE:XRPUSDT": {
      "RSI14": 33.3,
      "ATR14": 0.083391,
      "BB_MA20": 2.655655,
      "BB_LOWER": 2.109186,
      "CLOSE": 2.4534
    },
    "BINANCE:FETUSDT": {
      "RSI14": 19.12,
      "ATR14": 0.025253,
      "BB_MA20": 0.4294,
      "BB_LOWER": 0.159426,
      "CLOSE": 0.2795
    },
    "BINANCE:ADAUSDT": {
      "RSI14": 30.2,
      "ATR14": 0.032468,
      "BB_MA20": 0.744535,
      "BB_LOWER": 0.554056,
      "CLOSE": 0.6625
    },
    "BINANCE:DOTUSDT": {
      "RSI14": 30.33,
      "ATR14": 0.159427,
      "BB_MA20": 3.58725,
      "BB_LOWER": 2.434009,
      "CLOSE": 3.074
    },
    "BINANCE:ATOMUSDT": {
      "RSI14": 30.96,
      "ATR14": 0.15825,
      "BB_MA20": 3.68435,
      "BB_LOWER": 2.74878,
      "CLOSE": 3.273
    },
    "BINANCE:ARBUSDT": {
      "RSI14": 27.44,
      "ATR14": 0.020599,
      "BB_MA20": 0.373225,
      "BB_LOWER": 0.253198,
      "CLOSE": 0.3218
    },
    "BINANCE:OPUSDT": {
      "RSI14": 21.85,
      "ATR14": 0.033076,