{
  "generated_at_brt": "2025-10-17T16:51:59-0300",
  "eq": {
    "NYSEARCA:VUG": {
      "RSI14": 50.63,
      "ATR14": 7.126564,
      "BB_MA20": 479.7455,
      "BB_LOWER": 471.480982
    },
    "NYSEARCA:IVW": {
      "RSI14": 50.78,
      "ATR14": 1.766393,
      "BB_MA20": 120.576,
      "BB_LOWER": 118.687176
    },
    "NYSEARCA:IUSG": {
      "RSI14": 50.52,
      "ATR14": 2.359864,
      "BB_MA20": 164.38922,
      "BB_LOWER": 161.831626
    },
    "NYSEARCA:SGOV": {
      "RSI14": 37.61,
      "ATR14": 0.042857,
      "BB_MA20": 100.53775,
      "BB_LOWER": 100.32401
    },
    "NASDAQ:QQQM": {
      "RSI14": 53.81,
      "ATR14": 3.789286,
      "BB_MA20": 247.56575,
      "BB_LOWER": 243.192443
    },
    "NASDAQ:SOXX": {
      "RSI14": 61.01,
      "ATR14": 8.817371,
      "BB_MA20": 278.81725,
      "BB_LOWER": 262.131719
    },
    "NASDAQ:NVDA": {
      "RSI14": 51.59,
      "ATR14": 5.969993,
      "BB_MA20": 183.788,
      "BB_LOWER": 175.151951
    },
    "NASDAQ:AVGO": {
      "RSI14": 59.85,
      "ATR14": 14.674414,
      "BB_MA20": 339.86375,
      "BB_LOWER": 323.326992
    },
    "NYSE:TSM": {
      "RSI14": 60.07,
      "ATR14": 12.484521,
      "BB_MA20": 289.46325,
      "BB_LOWER": 267.432761
    },
    "NYSE:PLTR": {
      "RSI14": 49.5,
      "ATR14": 8.244993,
      "BB_MA20": 180.1845,
      "BB_LOWER": 173.474801
    },
    "NYSE:VST": {
      "RSI14": 52.99,
      "ATR14": 9.6276,
      "BB_MA20": 204.236,
      "BB_LOWER": 193.488825
    },
    "NYSEARCA:ARGT": {
      "RSI14": 47.65,
      "ATR14": 2.552814,
      "BB_MA20": 71.64425,
      "BB_LOWER": 66.760312
    },
    "NYSEARCA:SPY": {
      "RSI14": 50.84,
      "ATR14": 8.105757,
      "BB_MA20": 665.075,
      "BB_LOWER": 655.387285
    },
    "NYSEARCA:VOO": {
      "RSI14": 50.89,
      "ATR14": 7.38525,
      "BB_MA20": 611.8695,
      "BB_LOWER": 603.382945
    },
    "NYSEARCA:VTI": {
      "RSI14": 50.55,
      "ATR14": 4.098643,
      "BB_MA20": 328.0965,
      "BB_LOWER": 323.537262
    },
    "NASDAQ:QQQ": {
      "RSI14": 53.78,
      "ATR14": 9.237179,
      "BB_MA20": 601.381,
      "BB_LOWER": 590.749058
    },
    "NYSEARCA:XLK": {
      "RSI14": 55.61,
      "ATR14": 5.308879,
      "BB_MA20": 283.458,
      "BB_LOWER": 276.155328
    },
    "NYSEARCA:SMH": {
      "RSI14": 61.34,
      "ATR14": 9.532764,
      "BB_MA20": 333.2025,
      "BB_LOWER": 314.867163
    },
    "NYSEARCA:IJR": {
      "RSI14": 46.94,
      "ATR14": 2.036786,
      "BB_MA20": 118.4215,
      "BB_LOWER": 115.827698
    },
    "NYSEARCA:IWF": {
      "RSI14": 51.0,
      "ATR14": 6.976379,
      "BB_MA20": 468.320485,
      "BB_LOWER": 460.468984
    },
    "NYSEARCA:IWD": {
      "RSI14": 49.23,
      "ATR14": 2.313214,
      "BB_MA20": 203.1265,
      "BB_LOWER": 200.36418
    },
    "NYSEARCA:XLV": {
      "RSI14": 74.8,
      "ATR14": 2.068771,
      "BB_MA20": 140.8905,
      "BB_LOWER": 133.888596
    },
    "NYSEARCA:XLF": {
      "RSI14": 34.51,
      "ATR14": 0.835071,
      "BB_MA20": 53.3405,
      "BB_LOWER": 52.088167
    },
    "NYSEARCA:XLE": {
      "RSI14": 28.27,
      "ATR14": 1.530357,
      "BB_MA20": 88.386,
      "BB_LOWER": 84.582305
    },
    "NASDAQ:MSFT": {
      "RSI14": 50.28,
      "ATR14": 8.55985,
      "BB_MA20": 515.798275,
      "BB_LOWER": 504.776918
    },
    "NASDAQ:AAPL": {
      "RSI14": 47.49,
      "ATR14": 4.627429,
      "BB_MA20": 253.5225,
      "BB_LOWER": 245.870272
    },
    "NASDAQ:GOOGL": {
      "RSI14": 61.24,
      "ATR14": 5.987429,
      "BB_MA20": 246.5295,
      "BB_LOWER": 238.519989
    },
    "NASDAQ:AMZN": {
      "RSI14": 38.28,
      "ATR14": 5.547493,
      "BB_MA20": 220.1204,
      "BB_LOWER": 212.530097
    },
    "NASDAQ:META": {
      "RSI14": 40.97,
      "ATR14": 18.186421,
      "BB_MA20": 728.15525,
      "BB_LOWER": 691.795515
    },
    "NASDAQ:AMD": {
      "RSI14": 77.01,
      "ATR14": 15.083843,
      "BB_MA20": 193.1845,
      "BB_LOWER": 129.266812
    },
    "NASDAQ:LRCX": {
      "RSI14": 59.4,
      "ATR14": 6.418386,
      "BB_MA20": 137.9645,
      "BB_LOWER": 124.773657
    },
    "NASDAQ:ASML": {
      "RSI14": 61.84,
      "ATR14": 31.820121,
      "BB_MA20": 987.1525,
      "BB_LOWER": 923.474878
    },
    "NYSE:COST": {
      "RSI14": 56.2,
      "ATR14": 15.474543,
      "BB_MA20": 929.624,
      "BB_LOWER": 902.59138
    },
    "NYSE:UNH": {
      "RSI14": 60.9,
      "ATR14": 9.081421,
      "BB_MA20": 354.55825,
      "BB_LOWER": 338.58597
    },
    "NYSE:JPM": {
      "RSI14": 30.99,
      "ATR14": 7.485043,
      "BB_MA20": 308.34075,
      "BB_LOWER": 297.387391
    },
    "NYSE:BRK.B": {
      "RSI14": 43.78,
      "ATR14": 6.83685,
      "BB_MA20": 496.4515,
      "BB_LOWER": 488.880983
    },
    "NYSE:NVO": {
      "RSI14": 45.55,
      "ATR14": 1.634843,
      "BB_MA20": 57.71975,
      "BB_LOWER": 54.145472
    },
    "NYSE:LLY": {
      "RSI14": 67.32,
      "ATR14": 26.184321,
      "BB_MA20": 798.11125,
      "BB_LOWER": 706.05444
    }
  },
  "cr": {},
  "errors": []
}