{
  "generated_at_brt": "2025-10-20T15:39:57-03:00",
  "eq": {
    "NYSEARCA:VUG": {
      "RSI14": 57.92,
      "ATR14": 3.884341,
      "BB_MA20": 479.673549,
      "BB_LOWER": 471.106215,
      "CLOSE": 485.17999267578125
    },
    "NYSEARCA:IVW": {
      "RSI14": 57.11,
      "ATR14": 0.901423,
      "BB_MA20": 120.575251,
      "BB_LOWER": 118.693365,
      "CLOSE": 121.59500122070312
    },
    "NYSEARCA:IUSG": {
      "RSI14": 56.98,
      "ATR14": 1.213292,
      "BB_MA20": 164.3815,
      "BB_LOWER": 161.842082,
      "CLOSE": 165.7100067138672
    },
    "NYSEARCA:SGOV": {
      "RSI14": 97.01,
      "ATR14": 0.016488,
      "BB_MA20": 100.431678,
      "BB_LOWER": 100.255075,
      "CLOSE": 100.57499694824219
    },
    "NASDAQ:QQQM": {
      "RSI14": 61.1,
      "ATR14": 2.005947,
      "BB_MA20": 247.765251,
      "BB_LOWER": 242.981165,
      "CLOSE": 252.0449981689453
    },
    "NASDAQ:SOXX": {
      "RSI14": 63.53,
      "ATR14": 4.804932,
      "BB_MA20": 279.989224,
      "BB_LOWER": 262.704347,
      "CLOSE": 293.3844909667969
    },
    "NASDAQ:NVDA": {
      "RSI14": 51.31,
      "ATR14": 2.877057,
      "BB_MA20": 183.789175,
      "BB_LOWER": 175.152641,
      "CLOSE": 183.69349670410156
    },
    "NASDAQ:AVGO": {
      "RSI14": 55.31,
      "ATR14": 6.820022,
      "BB_MA20": 340.475999,
      "BB_LOWER": 323.26774,
      "CLOSE": 350.20001220703125
    },
    "NYSE:TSM": {
      "RSI14": 58.47,
      "ATR14": 6.803482,
      "BB_MA20": 290.708998,
      "BB_LOWER": 269.793603,
      "CLOSE": 299.5
    },
    "NYSE:PLTR": {
      "RSI14": 55.99,
      "ATR14": 3.195253,
      "BB_MA20": 180.32875,
      "BB_LOWER": 173.550804,
      "CLOSE": 182.4149932861328
    },
    "NYSE:VST": {
      "RSI14": 44.31,
      "ATR14": 5.033995,
      "BB_MA20": 203.089,
      "BB_LOWER": 193.680371,
      "CLOSE": 195.52999877929688
    },
    "NYSEARCA:ARGT": {
      "RSI14": 45.58,
      "ATR14": 1.390227,
      "BB_MA20": 71.46025,
      "BB_LOWER": 66.732036,
      "CLOSE": 70.81500244140625
    },
    "NYSEARCA:SPY": {
      "RSI14": 59.41,
      "ATR14": 4.04679,
      "BB_MA20": 665.309216,
      "BB_LOWER": 655.207653,
      "CLOSE": 671.7744140625
    },
    "NYSEARCA:VOO": {
      "RSI14": 59.53,
      "ATR14": 3.689952,
      "BB_MA20": 611.651364,
      "BB_LOWER": 602.374174,
      "CLOSE": 617.6390991210938
    },
    "NYSEARCA:VTI": {
      "RSI14": 59.1,
      "ATR14": 2.059601,
      "BB_MA20": 327.974048,
      "BB_LOWER": 323.023721,
      "CLOSE": 331.1549987792969
    },
    "NASDAQ:QQQ": {
      "RSI14": 61.06,
      "ATR14": 4.898158,
      "BB_MA20": 601.868497,
      "BB_LOWER": 590.231614,
      "CLOSE": 612.2999877929688
    },
    "NYSEARCA:XLK": {
      "RSI14": 60.67,
      "ATR14": 2.769354,
      "BB_MA20": 283.75675,
      "BB_LOWER": 276.10855,
      "CLOSE": 288.8349914550781
    },
    "NYSEARCA:SMH": {
      "RSI14": 63.76,
      "ATR14": 5.067532,
      "BB_MA20": 334.471997,
      "BB_LOWER": 315.836424,
      "CLOSE": 347.9100036621094
    },
    "NYSEARCA:IJR": {
      "RSI14": 55.43,
      "ATR14": 1.183616,
      "BB_MA20": 118.422999,
      "BB_LOWER": 115.828056,
      "CLOSE": 119.58999633789062
    },
    "NYSEARCA:IWF": {
      "RSI14": 58.05,
      "ATR14": 3.681455,
      "BB_MA20": 468.325998,
      "BB_LOWER": 460.391805,
      "CLOSE": 473.2799987792969
    },
    "NYSEARCA:IWD": {
      "RSI14": 58.21,
      "ATR14": 1.159879,
      "BB_MA20": 203.240498,
      "BB_LOWER": 200.389475,
      "CLOSE": 204.88999938964844
    },
    "NYSEARCA:XLV": {
      "RSI14": 67.71,
      "ATR14": 0.912257,
      "BB_MA20": 141.2915,
      "BB_LOWER": 134.390885,
      "CLOSE": 144.72000122070312
    },
    "NYSEARCA:XLF": {
      "RSI14": 47.38,
      "ATR14": 0.41546,
      "BB_MA20": 53.27575,
      "BB_LOWER": 52.023371,
      "CLOSE": 52.814998626708984
    },
    "NYSEARCA:XLE": {
      "RSI14": 45.9,
      "ATR14": 0.765164,
      "BB_MA20": 88.3425,
      "BB_LOWER": 84.490048,
      "CLOSE": 86.73999786376953
    },
    "NASDAQ:MSFT": {
      "RSI14": 52.64,
      "ATR14": 3.497795,
      "BB_MA20": 515.884746,
      "BB_LOWER": 504.818899,
      "CLOSE": 517.4749755859375
    },
    "NASDAQ:AAPL": {
      "RSI14": 67.47,
      "ATR14": 3.241802,
      "BB_MA20": 253.8645,
      "BB_LOWER": 245.092278,
      "CLOSE": 263.510009765625
    },
    "NASDAQ:GOOGL": {
      "RSI14": 67.47,
      "ATR14": 2.799217,
      "BB_MA20": 246.7295,
      "BB_LOWER": 238.00031,
      "CLOSE": 256.07000732421875
    },
    "NASDAQ:AMZN": {
      "RSI14": 42.27,
      "ATR14": 2.757037,
      "BB_MA20": 219.531001,
      "BB_LOWER": 212.552181,
      "CLOSE": 215.92999267578125
    },
    "NASDAQ:META": {
      "RSI14": 50.73,
      "ATR14": 9.550582,
      "BB_MA20": 726.554001,
      "BB_LOWER": 694.239024,
      "CLOSE": 733.3499755859375
    },
    "NASDAQ:AMD": {
      "RSI14": 73.48,
      "ATR14": 6.838437,
      "BB_MA20": 197.197249,
      "BB_LOWER": 132.09252,
      "CLOSE": 240.55499267578125
    },
    "NASDAQ:LRCX": {
      "RSI14": 62.1,
      "ATR14": 3.318085,
      "BB_MA20": 138.525497,
      "BB_LOWER": 125.342269,
      "CLOSE": 144.2899932861328
    },
    "NASDAQ:ASML": {
      "RSI14": 68.63,
      "ATR14": 17.642974,
      "BB_MA20": 991.426505,
      "BB_LOWER": 924.766522,
      "CLOSE": 1044.0
    },
    "NYSE:COST": {
      "RSI14": 48.72,
      "ATR14": 9.101518,
      "BB_MA20": 929.356952,
      "BB_LOWER": 902.806601,
      "CLOSE": 934.5689697265625
    },
    "NYSE:UNH": {
      "RSI14": 63.82,
      "ATR14": 4.36,
      "BB_MA20": 355.682999,
      "BB_LOWER": 340.407919,
      "CLOSE": 364.2699890136719
    },
    "NYSE:JPM": {
      "RSI14": 48.65,
      "ATR14": 3.198714,
      "BB_MA20": 307.195499,
      "BB_LOWER": 297.355663,
      "CLOSE": 303.2900085449219
    },
    "NYSE:BRK.B": {
      "RSI14": 48.43,
      "ATR14": 3.08102,
      "BB_MA20": 496.3625,
      "BB_LOWER": 488.634402,
      "CLOSE": 492.6600036621094
    },
    "NYSE:NVO": {
      "RSI14": 46.31,
      "ATR14": 0.995016,
      "BB_MA20": 57.482751,
      "BB_LOWER": 54.110571,
      "CLOSE": 55.96500015258789
    },
    "NYSE:LLY": {
      "RSI14": 54.34,
      "ATR14": 11.914586,
      "BB_MA20": 800.660995,
      "BB_LOWER": 710.72068,
      "CLOSE": 806.8400268554688
    }
  },
  "cr": {
    "BINANCE:BTCUSDT": {
      "RSI14": 37.96,
      "ATR14": 2180.990921,
      "BB_MA20": 115835.59,
      "BB_LOWER": 103666.775832,
      "CLOSE": 110733.39
    },
    "BINANCE:ETHUSDT": {
      "RSI14": 34.54,
      "ATR14": 139.433251,
      "BB_MA20": 4200.571,
      "BB_LOWER": 3627.868667,
      "CLOSE": 3961.03
    },
    "BINANCE:SOLUSDT": {
      "RSI14": 31.58,
      "ATR14": 8.736476,
      "BB_MA20": 207.311,
      "BB_LOWER": 167.834425,
      "CLOSE": 187.66
    },
    "BINANCE:LINKUSDT": {
      "RSI14": 38.19,
      "ATR14": 0.970472,
      "BB_MA20": 19.957,
      "BB_LOWER": 15.232705,
      "CLOSE": 18.84
    },
    "BINANCE:XRPUSDT": {
      "RSI14": 33.96,
      "ATR14": 0.084219,
      "BB_MA20": 2.656235,
      "BB_LOWER": 2.110602,
      "CLOSE": 2.465
    },
    "BINANCE:FETUSDT": {
      "RSI14": 19.06,
      "ATR14": 0.025339,
      "BB_MA20": 0.42934,
      "BB_LOWER": 0.159233,
      "CLOSE": 0.2783
    },
    "BINANCE:ADAUSDT": {
      "RSI14": 30.13,
      "ATR14": 0.032432,
      "BB_MA20": 0.74451,
      "BB_LOWER": 0.553988,
      "CLOSE": 0.662
    },
    "BINANCE:DOTUSDT": {
      "RSI14": 30.49,
      "ATR14": 0.159784,
      "BB_MA20": 3.5875,
      "BB_LOWER": 2.434702,
      "CLOSE": 3.079
    },
    "BINANCE:ATOMUSDT": {
      "RSI14": 30.93,
      "ATR14": 0.158178,
      "BB_MA20": 3.6843,
      "BB_LOWER": 2.748642,
      "CLOSE": 3.272
    },
    "BINANCE:ARBUSDT": {
      "RSI14": 27.13,
      "ATR14": 0.020514,
      "BB_MA20": 0.373165,
      "BB_LOWER": 0.253034,
      "CLOSE": 0.3206
    },
    "BINANCE:OPUSDT": {
      "RSI14": 21.62,