{
  "generated_at_brt": "2025-10-24T20:49:15-03:00",
  "eq": {
    "NYSEARCA:VUG": {
      "RSI14": 61.29,
      "ATR14": 3.680648,
      "BB_MA20": 481.422998,
      "BB_LOWER": 472.574472,
      "CLOSE": 489.6199951171875
    },
    "NYSEARCA:IVW": {
      "RSI14": 60.82,
      "ATR14": 0.866686,
      "BB_MA20": 120.892501,
      "BB_LOWER": 119.003557,
      "CLOSE": 122.66999816894531
    },
    "NYSEARCA:IUSG": {
      "RSI14": 61.13,
      "ATR14": 1.18877,
      "BB_MA20": 164.809501,
      "BB_LOWER": 162.199535,
      "CLOSE": 167.38999938964844
    }
  },
  "cr": {
    "BINANCE:BTCUSDT": {
      "RSI14": 50.12,
      "ATR14": 1798.912689,
      "BB_MA20": 113484.6075,
      "BB_LOWER": 101650.156967,
      "CLOSE": 110985.7
    },
    "BINANCE:ETHUSDT": {
      "RSI14": 55.01,
      "ATR14": 114.48041,
      "BB_MA20": 4083.218,
      "BB_LOWER": 3530.416289,
      "CLOSE": 3931.77
    },
    "BINANCE:SOLUSDT": {
      "RSI14": 57.56,
      "ATR14": 7.802713,
      "BB_MA20": 199.065,
      "BB_LOWER": 164.511199,
      "CLOSE": 193.41
    }
  },
  "errors": []
}