{
  "generated_at_brt": "2025-10-24T20:39:08-03:00",
  "eq": {
    "NYSEARCA:VUG": {
      "RSI14": 61.29,
      "ATR14": 3.680648,
      "BB_MA20": 481.422998,
      "BB_LOWER": 472.574472,
      "CLOSE": 489.6199951171875
    },
    "NYSEARCA:IVW": {
      "RSI14": 60.82,
      "ATR14": 0.866686,
      "BB_MA20": 120.892501,
      "BB_LOWER": 119.003557,
      "CLOSE": 122.66999816894531
    },
    "NYSEARCA:IUSG": {
      "RSI14": 61.13,
      "ATR14": 1.18877,
      "BB_MA20": 164.809501,
      "BB_LOWER": 162.199535,
      "CLOSE": 167.38999938964844
    }
  },
  "cr": {
    "BINANCE:BTCUSDT": {
      "RSI14": 50.25,
      "ATR14": 1803.374118,
      "BB_MA20": 113487.7305,
      "BB_LOWER": 101655.886689,
      "CLOSE": 111048.16
    },
    "BINANCE:ETHUSDT": {
      "RSI14": 55.08,
      "ATR14": 114.671839,
      "BB_MA20": 4083.352,
      "BB_LOWER": 3530.695918,
      "CLOSE": 3934.45
    },
    "BINANCE:SOLUSDT": {
      "RSI14": 57.56,
      "ATR14": 7.804141,
      "BB_MA20": 199.066,
      "BB_LOWER": 164.512853,
      "CLOSE": 193.43
    }
  },
  "errors": []
}