{
  "generated_at_brt": "2025-10-20T14:20:28-03:00",
  "eq": {
    "NYSEARCA:VUG": {
      "RSI14": 58.0,
      "ATR14": 3.891484,
      "BB_MA20": 479.678549,
      "BB_LOWER": 471.098259,
      "CLOSE": 485.2799987792969
    },
    "NYSEARCA:IVW": {
      "RSI14": 57.15,
      "ATR14": 0.902138,
      "BB_MA20": 120.575751,
      "BB_LOWER": 118.692777,
      "CLOSE": 121.6050033569336
    },
    "NYSEARCA:IUSG": {
      "RSI14": 56.96,
      "ATR14": 1.212577,
      "BB_MA20": 164.381,
      "BB_LOWER": 161.842625,
      "CLOSE": 165.6999969482422
    },
    "NYSEARCA:SGOV": {
      "RSI14": 97.07,
      "ATR14": 0.016846,
      "BB_MA20": 100.431928,
      "BB_LOWER": 100.254502,
      "CLOSE": 100.58000183105469
    },
    "NASDAQ:QQQM": {
      "RSI14": 61.26,
      "ATR14": 2.014162,
      "BB_MA20": 247.771001,
      "BB_LOWER": 242.966122,
      "CLOSE": 252.16000366210938
    },
    "NASDAQ:SOXX": {
      "RSI14": 63.93,
      "ATR14": 4.857468,
      "BB_MA20": 280.025999,
      "BB_LOWER": 262.624543,
      "CLOSE": 294.1199951171875
    },
    "NASDAQ:NVDA": {
      "RSI14": 51.88,
      "ATR14": 2.91145,
      "BB_MA20": 183.813251,
      "BB_LOWER": 175.175233,
      "CLOSE": 184.1750030517578
    },
    "NASDAQ:AVGO": {
      "RSI14": 55.57,
      "ATR14": 6.860022,
      "BB_MA20": 340.503999,
      "BB_LOWER": 323.230843,
      "CLOSE": 350.760009765625
    },
    "NYSE:TSM": {
      "RSI14": 58.83,
      "ATR14": 6.864197,
      "BB_MA20": 290.751498,
      "BB_LOWER": 269.761501,
      "CLOSE": 300.3500061035156
    },
    "NYSE:PLTR": {
      "RSI14": 56.38,
      "ATR14": 3.223468,
      "BB_MA20": 180.3485,
      "BB_LOWER": 173.544103,
      "CLOSE": 182.80999755859375
    },
    "NYSE:VST": {
      "RSI14": 44.13,
      "ATR14": 5.053895,
      "BB_MA20": 203.07507,
      "BB_LOWER": 193.621002,
      "CLOSE": 195.25140380859375
    },
    "NYSEARCA:ARGT": {
      "RSI14": 46.7,
      "ATR14": 1.357013,
      "BB_MA20": 71.4835,
      "BB_LOWER": 66.76364,
      "CLOSE": 71.27999877929688
    },
    "NYSEARCA:SPY": {
      "RSI14": 59.56,
      "ATR14": 4.062188,
      "BB_MA20": 665.319995,
      "BB_LOWER": 655.190439,
      "CLOSE": 671.989990234375
    },
    "NYSEARCA:VOO": {
      "RSI14": 59.66,
      "ATR14": 3.701444,
      "BB_MA20": 611.659409,
      "BB_LOWER": 602.361209,
      "CLOSE": 617.7999877929688
    },
    "NYSEARCA:VTI": {
      "RSI14": 59.21,
      "ATR14": 2.064959,
      "BB_MA20": 327.977798,
      "BB_LOWER": 323.017733,
      "CLOSE": 331.2300109863281
    },
    "NASDAQ:QQQ": {
      "RSI14": 61.24,
      "ATR14": 4.921731,
      "BB_MA20": 601.884998,
      "BB_LOWER": 590.188214,
      "CLOSE": 612.6300048828125
    },
    "NYSEARCA:XLK": {
      "RSI14": 61.09,
      "ATR14": 2.798997,
      "BB_MA20": 283.777501,
      "BB_LOWER": 276.072262,
      "CLOSE": 289.25
    },
    "NYSEARCA:SMH": {
      "RSI14": 64.23,
      "ATR14": 5.134318,
      "BB_MA20": 334.518747,
      "BB_LOWER": 315.74439,
      "CLOSE": 348.8450012207031
    },
    "NYSEARCA:IJR": {
      "RSI14": 54.98,
      "ATR14": 1.171831,
      "BB_MA20": 118.41475,
      "BB_LOWER": 115.833687,
      "CLOSE": 119.42500305175781
    },
    "NYSEARCA:IWF": {
      "RSI14": 58.09,
      "ATR14": 3.685025,
      "BB_MA20": 468.328497,
      "BB_LOWER": 460.388034,
      "CLOSE": 473.3299865722656
    },
    "NYSEARCA:IWD": {
      "RSI14": 58.26,
      "ATR14": 1.161308,
      "BB_MA20": 203.241499,
      "BB_LOWER": 200.388148,
      "CLOSE": 204.91000366210938
    },
    "NYSEARCA:XLV": {
      "RSI14": 68.06,
      "ATR14": 0.922257,
      "BB_MA20": 141.2985,
      "BB_LOWER": 134.383718,
      "CLOSE": 144.86000061035156
    },
    "NYSEARCA:XLF": {
      "RSI14": 47.2,
      "ATR14": 0.414031,
      "BB_MA20": 53.27475,
      "BB_LOWER": 52.020869,
      "CLOSE": 52.79499816894531
    },
    "NYSEARCA:XLE": {
      "RSI14": 45.16,
      "ATR14": 0.754807,
      "BB_MA20": 88.33525,
      "BB_LOWER": 84.470237,
      "CLOSE": 86.59500122070312
    },
    "NASDAQ:MSFT": {
      "RSI14": 52.83,
      "ATR14": 3.511366,
      "BB_MA20": 515.894246,
      "BB_LOWER": 504.82263,
      "CLOSE": 517.6649780273438
    },
    "NASDAQ:AAPL": {
      "RSI14": 67.41,
      "ATR14": 3.236086,
      "BB_MA20": 253.860499,
      "BB_LOWER": 245.105822,
      "CLOSE": 263.42999267578125
    },
    "NASDAQ:GOOGL": {
      "RSI14": 67.72,
      "ATR14": 2.820644,
      "BB_MA20": 246.744499,
      "BB_LOWER": 237.950372,
      "CLOSE": 256.3699951171875
    },
    "NASDAQ:AMZN": {
      "RSI14": 41.87,
      "ATR14": 2.738109,
      "BB_MA20": 219.517751,
      "BB_LOWER": 212.510684,
      "CLOSE": 215.6649932861328
    },
    "NASDAQ:META": {
      "RSI14": 50.43,
      "ATR14": 9.49344,
      "BB_MA20": 726.514001,
      "BB_LOWER": 694.230807,
      "CLOSE": 732.5499877929688
    },
    "NASDAQ:AMD": {
      "RSI14": 73.93,
      "ATR14": 6.955937,
      "BB_MA20": 197.279499,
      "BB_LOWER": 131.952098,
      "CLOSE": 242.1999969482422
    },
    "NASDAQ:LRCX": {
      "RSI14": 62.54,
      "ATR14": 3.357371,
      "BB_MA20": 138.552998,
      "BB_LOWER": 125.319586,
      "CLOSE": 144.83999633789062
    },
    "NASDAQ:ASML": {
      "RSI14": 68.96,
      "ATR14": 17.827257,
      "BB_MA20": 991.555502,
      "BB_LOWER": 924.480374,
      "CLOSE": 1046.5799560546875
    },
    "NYSE:COST": {
      "RSI14": 48.6,
      "ATR14": 9.123587,
      "BB_MA20": 929.341504,
      "BB_LOWER": 902.802944,
      "CLOSE": 934.260009765625
    },
    "NYSE:UNH": {
      "RSI14": 64.18,
      "ATR14": 4.403216,
      "BB_MA20": 355.713249,
      "BB_LOWER": 340.368032,
      "CLOSE": 364.875
    },
    "NYSE:JPM": {
      "RSI14": 47.66,
      "ATR14": 3.138714,
      "BB_MA20": 307.153499,
      "BB_LOWER": 297.240444,
      "CLOSE": 302.45001220703125
    },
    "NYSE:BRK.B": {
      "RSI14": 48.55,
      "ATR14": 3.087812,
      "BB_MA20": 496.367255,
      "BB_LOWER": 488.648162,
      "CLOSE": 492.7550964355469
    },
    "NYSE:NVO": {
      "RSI14": 46.99,
      "ATR14": 1.007873,
      "BB_MA20": 57.491751,
      "BB_LOWER": 54.134896,
      "CLOSE": 56.14500045776367
    },
    "NYSE:LLY": {
      "RSI14": 53.91,
      "ATR14": 11.803869,
      "BB_MA20": 800.583493,
      "BB_LOWER": 710.66194,
      "CLOSE": 805.2899780273438
    }
  },
  "cr": {
    "BINANCE:BTCUSDT": {
      "RSI14": 37.55,
      "ATR14": 2166.605921,
      "BB_MA20": 115825.5205,
      "BB_LOWER": 103639.513891,
      "CLOSE": 110532.0
    },
    "BINANCE:ETHUSDT": {
      "RSI14": 34.2,
      "ATR14": 140.823965,
      "BB_MA20": 4199.5975,
      "BB_LOWER": 3625.206055,
      "CLOSE": 3941.56
    },
    "BINANCE:SOLUSDT": {
      "RSI14": 31.47,
      "ATR14": 8.768619,
      "BB_MA20": 207.2885,
      "BB_LOWER": 167.766663,
      "CLOSE": 187.21
    },
    "BINANCE:LINKUSDT": {
      "RSI14": 37.91,
      "ATR14": 0.966186,
      "BB_MA20": 19.954,
      "BB_LOWER": 15.226796,
      "CLOSE": 18.78
    },
    "BINANCE:XRPUSDT": {
      "RSI14": 33.09,
      "ATR14": 0.083134,
      "BB_MA20": 2.655475,
      "BB_LOWER": 2.108738,
      "CLOSE": 2.4498
    },
    "BINANCE:FETUSDT": {
      "RSI14": 18.99,
      "ATR14": 0.025424,
      "BB_MA20": 0.42928,
      "BB_LOWER": 0.159038,
      "CLOSE": 0.2771
    },
    "BINANCE:ADAUSDT": {
      "RSI14": 29.79,
      "ATR14": 0.032275,
      "BB_MA20": 0.7444,
      "BB_LOWER": 0.553685,
      "CLOSE": 0.6598
    },
    "BINANCE:DOTUSDT": {
      "RSI14": 29.96,
      "ATR14": 0.15857,
      "BB_MA20": 3.58665,
      "BB_LOWER": 2.432329,
      "CLOSE": 3.062
    },
    "BINANCE:ATOMUSDT": {
      "RSI14": 30.68,
      "ATR14": 0.157607,
      "BB_MA20": 3.6839,
      "BB_LOWER": 2.74753,
      "CLOSE": 3.264
    },
    "BINANCE:ARBUSDT": {
      "RSI14": 26.95,
      "ATR14": 0.020464,
      "BB_MA20": 0.37313,
      "BB_LOWER": 0.252938,
      "CLOSE": 0.3199
    },
    "BINANCE:OPUSDT": {
      "RSI14": 21.43,