{
  "generated_at_brt": "2025-10-24T23:50:43-03:00",
  "eq": {
    "NYSEARCA:VUG": {
      "RSI14": 61.29,
      "ATR14": 3.680648,
      "BB_MA20": 481.422998,
      "BB_LOWER": 472.574472,
      "CLOSE": 489.6199951171875
    },
    "NYSEARCA:IVW": {
      "RSI14": 60.82,
      "ATR14": 0.866686,
      "BB_MA20": 120.892501,
      "BB_LOWER": 119.003557,
      "CLOSE": 122.66999816894531
    },
    "NYSEARCA:IUSG": {
      "RSI14": 61.13,
      "ATR14": 1.18877,
      "BB_MA20": 164.809501,
      "BB_LOWER": 162.199535,
      "CLOSE": 167.38999938964844
    },
    "NYSEARCA:SGOV": {
      "RSI14": 97.87,
      "ATR14": 0.017187,
      "BB_MA20": 100.4933,
      "BB_LOWER": 100.310475,
      "CLOSE": 100.6500015258789
    },
    "NASDAQ:QQQM": {
      "RSI14": 62.9,
      "ATR14": 1.956204,
      "BB_MA20": 249.002001,
      "BB_LOWER": 243.983819,
      "CLOSE": 254.02000427246094
    },
    "NASDAQ:SOXX": {
      "RSI14": 62.97,
      "ATR14": 4.901797,
      "BB_MA20": 284.303499,
      "BB_LOWER": 269.204605,
      "CLOSE": 295.8599853515625
    },
    "NASDAQ:NVDA": {
      "RSI14": 56.19,
      "ATR14": 2.69514,
      "BB_MA20": 184.665501,
      "BB_LOWER": 177.692487,
      "CLOSE": 186.25999450683594
    },
    "NASDAQ:AVGO": {
      "RSI14": 57.95,
      "ATR14": 6.480491,
      "BB_MA20": 342.052998,
      "BB_LOWER": 324.385572,
      "CLOSE": 354.1300048828125
    },
    "NYSE:TSM": {
      "RSI14": 55.55,
      "ATR14": 5.905484,
      "BB_MA20": 293.401001,
      "BB_LOWER": 276.742902,
      "CLOSE": 294.9599914550781
    },
    "NYSE:PLTR": {
      "RSI14": 57.51,
      "ATR14": 3.317962,
      "BB_MA20": 180.453,
      "BB_LOWER": 173.306419,
      "CLOSE": 184.6300048828125
    },
    "NYSE:VST": {
      "RSI14": 51.25,
      "ATR14": 5.399362,
      "BB_MA20": 200.527,
      "BB_LOWER": 186.221373,
      "CLOSE": 201.47000122070312
    },
    "NYSEARCA:ARGT": {
      "RSI14": 55.16,
      "ATR14": 1.303556,
      "BB_MA20": 71.0435,
      "BB_LOWER": 66.975961,
      "CLOSE": 74.25
    },
    "NYSEARCA:SPY": {
      "RSI14": 62.64,
      "ATR14": 3.849888,
      "BB_MA20": 667.481494,
      "BB_LOWER": 657.00203,
      "CLOSE": 677.25
    },
    "NYSEARCA:VOO": {
      "RSI14": 62.7,
      "ATR14": 3.507249,
      "BB_MA20": 613.638501,
      "BB_LOWER": 604.066971,
      "CLOSE": 622.5499877929688
    },
    "NYSEARCA:VTI": {
      "RSI14": 61.87,
      "ATR14": 1.975201,
      "BB_MA20": 329.006499,
      "BB_LOWER": 323.905409,
      "CLOSE": 333.7099914550781
    },
    "NASDAQ:QQQ": {
      "RSI14": 62.89,
      "ATR14": 4.768626,
      "BB_MA20": 604.867996,
      "BB_LOWER": 592.683719,
      "CLOSE": 617.0999755859375
    },
    "NYSEARCA:XLK": {
      "RSI14": 65.01,
      "ATR14": 2.767791,
      "BB_MA20": 285.772,
      "BB_LOWER": 278.609554,
      "CLOSE": 293.5799865722656
    },
    "NYSEARCA:SMH": {
      "RSI14": 63.79,
      "ATR14": 5.114181,
      "BB_MA20": 339.144997,
      "BB_LOWER": 324.186585,
      "CLOSE": 351.1400146484375
    },
    "NYSEARCA:IJR": {
      "RSI14": 59.04,
      "ATR14": 1.089802,
      "BB_MA20": 118.739999,
      "BB_LOWER": 115.857361,
      "CLOSE": 121.13999938964844
    },
    "NYSEARCA:IWF": {
      "RSI14": 61.05,
      "ATR14": 3.517051,
      "BB_MA20": 469.832999,
      "BB_LOWER": 461.71459,
      "CLOSE": 477.19000244140625
    },
    "NYSEARCA:IWD": {
      "RSI14": 60.51,
      "ATR14": 1.063274,
      "BB_MA20": 203.819999,
      "BB_LOWER": 200.791151,
      "CLOSE": 206.3000030517578
    },
    "NYSEARCA:XLV": {
      "RSI14": 69.35,
      "ATR14": 0.749706,
      "BB_MA20": 143.305,
      "BB_LOWER": 138.588314,
      "CLOSE": 146.02999877929688
    },
    "NYSEARCA:XLF": {
      "RSI14": 50.39,
      "ATR14": 0.378197,
      "BB_MA20": 53.08,
      "BB_LOWER": 51.818556,
      "CLOSE": 53.11000061035156
    },
    "NYSEARCA:XLE": {
      "RSI14": 52.27,
      "ATR14": 0.803043,
      "BB_MA20": 87.793501,
      "BB_LOWER": 84.78232,
      "CLOSE": 88.06999969482422
    },
    "NASDAQ:MSFT": {
      "RSI14": 59.48,
      "ATR14": 2.982625,
      "BB_MA20": 518.075493,
      "BB_LOWER": 508.633353,
      "CLOSE": 523.6099853515625
    },
    "NASDAQ:AAPL": {
      "RSI14": 64.21,
      "ATR14": 2.933143,
      "BB_MA20": 255.028499,
      "BB_LOWER": 244.69736,
      "CLOSE": 262.82000732421875
    },
    "NASDAQ:GOOGL": {
      "RSI14": 66.84,
      "ATR14": 3.105654,
      "BB_MA20": 247.954501,
      "BB_LOWER": 237.113624,
      "CLOSE": 259.9200134277344
    },
    "NASDAQ:AMZN": {
      "RSI14": 53.77,
      "ATR14": 3.074568,
      "BB_MA20": 219.88,
      "BB_LOWER": 212.576948,
      "CLOSE": 224.2100067138672
    },
    "NASDAQ:META": {
      "RSI14": 53.76,
      "ATR14": 7.439452,
      "BB_MA20": 723.011002,
      "BB_LOWER": 700.867304,
      "CLOSE": 738.3599853515625
    },
    "NASDAQ:AMD": {
      "RSI14": 73.35,
      "ATR14": 7.345846,
      "BB_MA20": 212.880499,
      "BB_LOWER": 152.52361,
      "CLOSE": 252.9199981689453
    },
    "NASDAQ:LRCX": {
      "RSI14": 66.9,
      "ATR14": 3.442106,
      "BB_MA20": 141.966497,
      "BB_LOWER": 131.28504,
      "CLOSE": 151.67999267578125
    },
    "NASDAQ:ASML": {
      "RSI14": 63.88,
      "ATR14": 16.755378,
      "BB_MA20": 1006.063007,
      "BB_LOWER": 947.870126,
      "CLOSE": 1033.0999755859375
    },
    "NYSE:COST": {
      "RSI14": 47.39,
      "ATR14": 8.054812,
      "BB_MA20": 929.846002,
      "BB_LOWER": 904.636079,
      "CLOSE": 932.1400146484375
    },
    "NYSE:UNH": {
      "RSI14": 60.55,
      "ATR14": 3.732916,
      "BB_MA20": 358.727,
      "BB_LOWER": 345.568474,
      "CLOSE": 362.5
    },
    "NYSE:JPM": {
      "RSI14": 47.56,
      "ATR14": 3.259127,
      "BB_MA20": 303.978258,
      "BB_LOWER": 292.579095,
      "CLOSE": 300.44000244140625
    },
    "NYSE:BRK.B": {
      "RSI14": 47.41,
      "ATR14": 2.794587,
      "BB_MA20": 495.3925,
      "BB_LOWER": 486.986188,
      "CLOSE": 492.1000061035156
    },
    "NYSE:NVO": {
      "RSI14": 34.76,
      "ATR14": 0.905971,
      "BB_MA20": 56.6925,
      "BB_LOWER": 52.302088,
      "CLOSE": 52.959999084472656
    },
    "NYSE:LLY": {
      "RSI14": 58.39,
      "ATR14": 11.106047,
      "BB_MA20": 817.293497,
      "BB_LOWER": 759.724959,
      "CLOSE": 825.4500122070312
    }
  },
  "cr": {
    "BINANCE:BTCUSDT": {
      "RSI14": 47.93,
      "ATR14": 1601.856374,
      "BB_MA20": 112865.1525,
      "BB_LOWER": 101925.70147,
      "CLOSE": 111074.02
    },
    "BINANCE:ETHUSDT": {
      "RSI14": 44.84,
      "ATR14": 89.816741,
      "BB_MA20": 4054.333,
      "BB_LOWER": 3535.316042,
      "CLOSE": 3933.51
    },
    "BINANCE:SOLUSDT": {
      "RSI14": 45.58,
      "ATR14": 6.016805,
      "BB_MA20": 197.332,
      "BB_LOWER": 165.500033,
      "CLOSE": 193.72
    },
    "BINANCE:LINKUSDT": {
      "RSI14": 42.22,
      "ATR14": 0.670996,
      "BB_MA20": 18.7555,
      "BB_LOWER": 14.716156,
      "CLOSE": 17.87
    },
    "BINANCE:XRPUSDT": {
      "RSI14": 50.58,
      "ATR14": 0.068325,
      "BB_MA20": 2.521245,
      "BB_LOWER": 2.126109,
      "CLOSE": 2.5442
    },
    "BINANCE:FETUSDT": {
      "RSI14": 25.73,
      "ATR14": 0.019373,
      "BB_MA20": 0.343565,
      "BB_LOWER": 0.122473,
      "CLOSE": 0.2612
    },
    "BINANCE:ADAUSDT": {
      "RSI14": 38.89,
      "ATR14": 0.022071,
      "BB_MA20": 0.692465,
      "BB_LOWER": 0.538444,
      "CLOSE": 0.6567
    },
    "BINANCE:DOTUSDT": {
      "RSI14": 38.29,
      "ATR14": 0.112328,
      "BB_MA20": 3.2878,
      "BB_LOWER": 2.339216,
      "CLOSE": 3.068
    },
    "BINANCE:ATOMUSDT": {
      "RSI14": 37.34,
      "ATR14": 0.09973,
      "BB_MA20": 3.4265,
      "BB_LOWER": 2.652631,
      "CLOSE": 3.186
    },
    "BINANCE:ARBUSDT": {
      "RSI14": 39.94,
      "ATR14": 0.012522,
      "BB_MA20": 0.341385,
      "BB_LOWER": 0.244818,
      "CLOSE": 0.3206
    },
    "BINANCE:OPUSDT": {
      "RSI14": 35.69,
      "ATR14": 0.019573,