{
  "generated_at_brt": "2025-10-17T17:12:39-03:00",
  "eq": {
    "NYSEARCA:VUG": {
      "RSI14": 54.21,
      "ATR14": 3.496232,
      "BB_MA20": 479.73225,
      "BB_LOWER": 471.460544,
      "CLOSE": 478.485
    },
    "NYSEARCA:IVW": {
      "RSI14": 55.45,
      "ATR14": 0.85359,
      "BB_MA20": 120.57475,
      "BB_LOWER": 118.685323,
      "CLOSE": 120.335
    },
    "NYSEARCA:IUSG": {
      "RSI14": 54.72,
      "ATR14": 1.13906,
      "BB_MA20": 164.38522,
      "BB_LOWER": 161.825455,
      "CLOSE": 164.0
    },
    "NYSEARCA:SGOV": {
      "RSI14": 58.11,
      "ATR14": 0.02439,
      "BB_MA20": 100.538,
      "BB_LOWER": 100.324122,
      "CLOSE": 100.57
    },
    "NASDAQ:QQQM": {
      "RSI14": 57.72,
      "ATR14": 1.805911,
      "BB_MA20": 247.55975,
      "BB_LOWER": 243.192716,
      "CLOSE": 248.645
    },
    "NASDAQ:SOXX": {
      "RSI14": 61.47,
      "ATR14": 4.478151,
      "BB_MA20": 278.812,
      "BB_LOWER": 262.138327,
      "CLOSE": 288.18
    },
    "NASDAQ:NVDA": {
      "RSI14": 56.92,
      "ATR14": 3.06577,
      "BB_MA20": 183.778505,
      "BB_LOWER": 175.139826,
      "CLOSE": 183.0901
    },
    "NASDAQ:AVGO": {
      "RSI14": 45.97,
      "ATR14": 7.511286,
      "BB_MA20": 339.917,
      "BB_LOWER": 323.262969,
      "CLOSE": 349.56
    },
    "NYSE:TSM": {
      "RSI14": 59.48,
      "ATR14": 6.954258,
      "BB_MA20": 289.38775,
      "BB_LOWER": 267.451425,
      "CLOSE": 295.525
    },
    "NYSE:PLTR": {
      "RSI14": 62.6,
      "ATR14": 3.487237,
      "BB_MA20": 180.17315,
      "BB_LOWER": 173.450322,
      "CLOSE": 178.123
    },
    "NYSE:VST": {
      "RSI14": 55.54,
      "ATR14": 5.278917,
      "BB_MA20": 204.239,
      "BB_LOWER": 193.494402,
      "CLOSE": 201.96
    },
    "NYSEARCA:ARGT": {
      "RSI14": 50.46,
      "ATR14": 1.31531,
      "BB_MA20": 71.6315,
      "BB_LOWER": 66.744635,
      "CLOSE": 71.23
    },
    "NYSEARCA:SPY": {
      "RSI14": 54.46,
      "ATR14": 3.585112,
      "BB_MA20": 665.055025,
      "BB_LOWER": 655.362159,
      "CLOSE": 664.2405
    },
    "NYSEARCA:VOO": {
      "RSI14": 54.4,
      "ATR14": 3.259532,
      "BB_MA20": 611.85075,
      "BB_LOWER": 603.355383,
      "CLOSE": 610.675
    },
    "NYSEARCA:VTI": {
      "RSI14": 52.41,
      "ATR14": 1.773553,
      "BB_MA20": 328.08825,
      "BB_LOWER": 323.523551,
      "CLOSE": 327.255
    },
    "NASDAQ:QQQ": {
      "RSI14": 57.43,
      "ATR14": 4.384796,
      "BB_MA20": 601.356,
      "BB_LOWER": 590.74912,
      "CLOSE": 603.78
    },
    "NYSEARCA:XLK": {
      "RSI14": 57.75,
      "ATR14": 2.504348,
      "BB_MA20": 283.4385,
      "BB_LOWER": 276.152581,
      "CLOSE": 284.82
    },
    "NYSEARCA:SMH": {
      "RSI14": 62.99,
      "ATR14": 4.852051,
      "BB_MA20": 333.176,
      "BB_LOWER": 314.896976,
      "CLOSE": 342.65
    },
    "NYSEARCA:IJR": {
      "RSI14": 42.13,
      "ATR14": 1.142271,
      "BB_MA20": 118.42325,
      "BB_LOWER": 115.831675,
      "CLOSE": 117.615
    },
    "NYSEARCA:IWF": {
      "RSI14": 54.42,
      "ATR14": 3.323364,
      "BB_MA20": 468.297,
      "BB_LOWER": 460.434334,
      "CLOSE": 467.14
    },
    "NYSEARCA:IWD": {
      "RSI14": 51.38,
      "ATR14": 1.031333,
      "BB_MA20": 203.12,
      "BB_LOWER": 200.355627,
      "CLOSE": 202.84
    },
    "NYSEARCA:XLV": {
      "RSI14": 65.35,
      "ATR14": 0.852925,
      "BB_MA20": 140.882,
      "BB_LOWER": 133.891608,
      "CLOSE": 143.17
    },
    "NYSEARCA:XLF": {
      "RSI14": 43.63,
      "ATR14": 0.391362,
      "BB_MA20": 53.33625,
      "BB_LOWER": 52.069195,
      "CLOSE": 52.205
    },
    "NYSEARCA:XLE": {
      "RSI14": 43.55,
      "ATR14": 0.74527,
      "BB_MA20": 88.38625,
      "BB_LOWER": 84.583203,
      "CLOSE": 85.925
    },
    "NASDAQ:MSFT": {
      "RSI14": 51.06,
      "ATR14": 3.008958,
      "BB_MA20": 515.73225,
      "BB_LOWER": 504.673813,
      "CLOSE": 513.555
    },
    "NASDAQ:AAPL": {
      "RSI14": 47.03,
      "ATR14": 2.76581,
      "BB_MA20": 253.49,
      "BB_LOWER": 245.821629,
      "CLOSE": 252.23
    },
    "NASDAQ:GOOGL": {
      "RSI14": 70.22,
      "ATR14": 3.11693,
      "BB_MA20": 246.5495,
      "BB_LOWER": 238.475323,
      "CLOSE": 253.24
    },
    "NASDAQ:AMZN": {
      "RSI14": 41.53,
      "ATR14": 2.670428,
      "BB_MA20": 220.1145,
      "BB_LOWER": 212.502314,
      "CLOSE": 213.01
    },
    "NASDAQ:META": {
      "RSI14": 52.28,
      "ATR14": 9.614784,
      "BB_MA20": 728.11675,
      "BB_LOWER": 691.708822,
      "CLOSE": 716.365
    },
    "NASDAQ:AMD": {
      "RSI14": 75.48,
      "ATR14": 6.930794,
      "BB_MA20": 193.154755,
      "BB_LOWER": 129.311798,
      "CLOSE": 232.9951
    },
    "NASDAQ:LRCX": {
      "RSI14": 61.05,
      "ATR14": 3.182119,
      "BB_MA20": 137.932,
      "BB_LOWER": 124.779123,
      "CLOSE": 141.47
    },
    "NASDAQ:ASML": {
      "RSI14": 69.01,
      "ATR14": 17.349214,
      "BB_MA20": 987.0715,
      "BB_LOWER": 923.608286,
      "CLOSE": 1028.37
    },
    "NYSE:COST": {
      "RSI14": 53.54,
      "ATR14": 9.640399,
      "BB_MA20": 929.796,
      "BB_LOWER": 902.636678,
      "CLOSE": 936.42
    },
    "NYSE:UNH": {
      "RSI14": 76.88,
      "ATR14": 6.795041,
      "BB_MA20": 354.5305,
      "BB_LOWER": 338.573886,
      "CLOSE": 356.52
    },
    "NYSE:JPM": {
      "RSI14": 50.35,
      "ATR14": 3.291912,
      "BB_MA20": 308.34575,
      "BB_LOWER": 297.411759,
      "CLOSE": 297.795
    },
    "NYSE:BRK.B": {
      "RSI14": 44.52,
      "ATR14": 2.976566,
      "BB_MA20": 496.4175,
      "BB_LOWER": 488.782148,
      "CLOSE": 492.47
    },
    "NYSE:NVO": {
      "RSI14": 37.58,
      "ATR14": 0.814865,
      "BB_MA20": 57.72125,
      "BB_LOWER": 54.152584,
      "CLOSE": 54.395
    },
    "NYSE:LLY": {
      "RSI14": 57.85,
      "ATR14": 12.541291,
      "BB_MA20": 798.0815,
      "BB_LOWER": 706.031582,
      "CLOSE": 803.13
    }
  },
  "cr": {
    "BINANCE:BTCUSDT": {
      "RSI14": 30.97,
      "ATR14": 2160.977586,
      "BB_MA20": 116539.45,
      "BB_LOWER": 105632.916981,
      "CLOSE": 106545.22
    },
    "BINANCE:ETHUSDT": {
      "RSI14": 34.5,
      "ATR14": 139.424167,
      "BB_MA20": 4234.232,
      "BB_LOWER": 3701.420819,
      "CLOSE": 3835.23
    },
    "BINANCE:SOLUSDT": {
      "RSI14": 32.29,
      "ATR14": 9.291056,
      "BB_MA20": 210.7835,
      "BB_LOWER": 174.93255,
      "CLOSE": 182.23
    },
    "BINANCE:LINKUSDT": {
      "RSI14": 27.19,
      "ATR14": 0.991141,
      "BB_MA20": 20.536,
      "BB_LOWER": 16.155405,
      "CLOSE": 16.42
    },
    "BINANCE:XRPUSDT": {
      "RSI14": 25.63,
      "ATR14": 0.083629,
      "BB_MA20": 2.725765,
      "BB_LOWER": 2.212045,
      "CLOSE": 2.3053
    },
    "BINANCE:FETUSDT": {
      "RSI14": 13.85,
      "ATR14": 0.026025,
      "BB_MA20": 0.472815,
      "BB_LOWER": 0.222422,
      "CLOSE": 0.2679
    },
    "BINANCE:ADAUSDT": {
      "RSI14": 27.49,
      "ATR14": 0.033185,
      "BB_MA20": 0.76822,
      "BB_LOWER": 0.592503,
      "CLOSE": 0.6259
    },
    "BINANCE:DOTUSDT": {
      "RSI14": 26.16,
      "ATR14": 0.172599,
      "BB_MA20": 3.73175,
      "BB_LOWER": 2.673007,
      "CLOSE": 2.911
    },
    "BINANCE:ATOMUSDT": {
      "RSI14": 28.86,
      "ATR14": 0.177,
      "BB_MA20": 3.82055,
      "BB_LOWER": 2.929586,
      "CLOSE": 3.166
    },
    "BINANCE:ARBUSDT": {
      "RSI14": 25.05,
      "ATR14": 0.022379,
      "BB_MA20": 0.38927,
      "BB_LOWER": 0.275648,
      "CLOSE": 0.3038
    },
    "BINANCE:OPUSDT": {
      "RSI14": 20.61,
      "ATR14": 0.033478,
      "BB_MA20": 0.61554,
      "BB_LOWER": 0.365677,
      "CLOSE": 0.4202
    },
    "BINANCE:AAVEUSDT": {
      "RSI14": 26.87,
      "ATR14": 12.644268,
      "BB_MA20": 264.5075,
      "BB_LOWER": 212.979649,
      "CLOSE": 204.32
    },
    "BINANCE:UNIUSDT": {
      "RSI14": 28.87,
      "ATR14": 0.366216,
      "BB_MA20": 7.3495,
      "BB_LOWER": 5.660244,
      "CLOSE": 6.148
    },