{
  "generated_at_brt": "2025-10-17T17:31:02-03:00",
  "eq": {},
  "cr": {
    "BINANCE:BTCUSDT": {
      "RSI14": 31.51,
      "ATR14": 2124.226872,
      "BB_MA20": 116565.1755,
      "BB_LOWER": 105751.022418,
      "CLOSE": 107059.73
    },
    "BINANCE:ETHUSDT": {
      "RSI14": 34.94,
      "ATR14": 137.66631,
      "BB_MA20": 4235.4625,
      "BB_LOWER": 3706.241324,
      "CLOSE": 3859.84
    },
    "BINANCE:SOLUSDT": {
      "RSI14": 32.63,
      "ATR14": 9.194628,
      "BB_MA20": 210.851,
      "BB_LOWER": 175.210882,
      "CLOSE": 183.58
    },
    "BINANCE:LINKUSDT": {
      "RSI14": 27.49,
      "ATR14": 0.980427,
      "BB_MA20": 20.5435,
      "BB_LOWER": 16.190693,
      "CLOSE": 16.57
    },
    "BINANCE:XRPUSDT": {
      "RSI14": 25.93,
      "ATR14": 0.082679,
      "BB_MA20": 2.72643,
      "BB_LOWER": 2.214859,
      "CLOSE": 2.3186
    },
    "BINANCE:FETUSDT": {
      "RSI14": 13.91,
      "ATR14": 0.025904,
      "BB_MA20": 0.4729,
      "BB_LOWER": 0.222784,
      "CLOSE": 0.2696
    },
    "BINANCE:ADAUSDT": {
      "RSI14": 27.71,
      "ATR14": 0.032921,
      "BB_MA20": 0.768405,
      "BB_LOWER": 0.593281,
      "CLOSE": 0.6296
    },
    "BINANCE:DOTUSDT": {
      "RSI14": 26.39,
      "ATR14": 0.171099,
      "BB_MA20": 3.7328,
      "BB_LOWER": 2.677278,
      "CLOSE": 2.932
    },
    "BINANCE:ATOMUSDT": {
      "RSI14": 29.14,
      "ATR14": 0.175285,
      "BB_MA20": 3.82175,
      "BB_LOWER": 2.934258,
      "CLOSE": 3.19
    },
    "BINANCE:ARBUSDT": {
      "RSI14": 25.25,
      "ATR14": 0.0222,
      "BB_MA20": 0.389395,
      "BB_LOWER": 0.276145,
      "CLOSE": 0.3063
    },
    "BINANCE:OPUSDT": {
      "RSI14": 20.77,
      "ATR14": 0.033228,
      "BB_MA20": 0.615715,
      "BB_LOWER": 0.366396,
      "CLOSE": 0.4237
    },
    "BINANCE:AAVEUSDT": {
      "RSI14": 27.22,
      "ATR14": 12.481411,
      "BB_MA20": 264.6215,
      "BB_LOWER": 213.619381,
      "CLOSE": 206.6
    },
    "BINANCE:UNIUSDT": {
      "RSI14": 29.11,
      "ATR14": 0.363287,
      "BB_MA20": 7.35155,
      "BB_LOWER": 5.668042,
      "CLOSE": 6.189
    },
    "BINANCE:LTCUSDT": {
      "RSI14": 28.01,
      "ATR14": 3.739672,
      "BB_MA20": 107.973,
      "BB_LOWER": 85.432501,
      "CLOSE": 91.38
    },
    "BINANCE:TRXUSDT": {
      "RSI14": 25.38,
      "ATR14": 0.004958,
      "BB_MA20": 0.330925,
      "BB_LOWER": 0.308106,
      "CLOSE": 0.3095
    },
    "BINANCE:TONUSDT": {
      "RSI14": 27.39,
      "ATR14": 0.086978,
      "BB_MA20": 2.54905,
      "BB_LOWER": 1.965287,
      "CLOSE": 2.141
    },
    "BINANCE:NEARUSDT": {
      "RSI14": 29.06,
      "ATR14": 0.112738,
      "BB_MA20": 2.685,
      "BB_LOWER": 2.101598,
      "CLOSE": 2.163
    },
    "BINANCE:INJUSDT": {
      "RSI14": 23.93,
      "ATR14": 0.610303,
      "BB_MA20": 11.137,
      "BB_LOWER": 7.547537,
      "CLOSE": 8.39
    }
  },
  "errors": []
}