{
  "generated_at_brt": "2025-10-17T16:20:44-0300",
  "eq": {
    "NYSEARCA:VUG": {
      "RSI14": 50.7,
      "ATR14": 7.09085,
      "BB_MA20": 479.7495,
      "BB_LOWER": 471.486836
    },
    "NYSEARCA:IVW": {
      "RSI14": 50.97,
      "ATR14": 1.758536,
      "BB_MA20": 120.5785,
      "BB_LOWER": 118.690694
    },
    "NYSEARCA:IUSG": {
      "RSI14": 50.32,
      "ATR14": 2.34915,
      "BB_MA20": 164.38572,
      "BB_LOWER": 161.826253
    },
    "NYSEARCA:SGOV": {
      "RSI14": 37.04,
      "ATR14": 0.042857,
      "BB_MA20": 100.5375,
      "BB_LOWER": 100.323876
    },
    "NASDAQ:QQQM": {
      "RSI14": 54.1,
      "ATR14": 3.771429,
      "BB_MA20": 247.5755,
      "BB_LOWER": 243.190688
    },
    "NASDAQ:SOXX": {
      "RSI14": 60.89,
      "ATR14": 8.817371,
      "BB_MA20": 278.8085,
      "BB_LOWER": 262.142666
    },
    "NASDAQ:NVDA": {
      "RSI14": 51.9,
      "ATR14": 5.953207,
      "BB_MA20": 183.802495,
      "BB_LOWER": 175.168932
    },
    "NASDAQ:AVGO": {
      "RSI14": 60.7,
      "ATR14": 14.674414,
      "BB_MA20": 339.937,
      "BB_LOWER": 323.235801
    },
    "NYSE:TSM": {
      "RSI14": 60.29,
      "ATR14": 12.484521,
      "BB_MA20": 289.4855,
      "BB_LOWER": 267.42359
    },
    "NYSE:PLTR": {
      "RSI14": 49.84,
      "ATR14": 8.244993,
      "BB_MA20": 180.202,
      "BB_LOWER": 173.509728
    },
    "NYSE:VST": {
      "RSI14": 53.07,
      "ATR14": 9.6276,
      "BB_MA20": 204.241,
      "BB_LOWER": 193.498084
    },
    "NYSEARCA:ARGT": {
      "RSI14": 47.43,
      "ATR14": 2.552814,
      "BB_MA20": 71.63925,
      "BB_LOWER": 66.754465
    },
    "NYSEARCA:SPY": {
      "RSI14": 51.06,
      "ATR14": 8.058971,
      "BB_MA20": 665.0875,
      "BB_LOWER": 655.401417
    },
    "NYSEARCA:VOO": {
      "RSI14": 51.11,
      "ATR14": 7.346679,
      "BB_MA20": 611.881,
      "BB_LOWER": 603.398295
    },
    "NYSEARCA:VTI": {
      "RSI14": 50.66,
      "ATR14": 4.075071,
      "BB_MA20": 328.0995,
      "BB_LOWER": 323.541968
    },
    "NASDAQ:QQQ": {
      "RSI14": 54.04,
      "ATR14": 9.196464,
      "BB_MA20": 601.402,
      "BB_LOWER": 590.745605
    },
    "NYSEARCA:XLK": {
      "RSI14": 55.69,
      "ATR14": 5.274593,
      "BB_MA20": 283.462,
      "BB_LOWER": 276.155407
    },
    "NYSEARCA:SMH": {
      "RSI14": 61.43,
      "ATR14": 9.532764,
      "BB_MA20": 333.2095,
      "BB_LOWER": 314.858831
    },
    "NYSEARCA:IJR": {
      "RSI14": 46.98,
      "ATR14": 2.036786,
      "BB_MA20": 118.42225,
      "BB_LOWER": 115.829413
    },
    "NYSEARCA:IWF": {
      "RSI14": 51.02,
      "ATR14": 6.949243,
      "BB_MA20": 468.3215,
      "BB_LOWER": 460.470362
    },
    "NYSEARCA:IWD": {
      "RSI14": 49.38,
      "ATR14": 2.300357,
      "BB_MA20": 203.129,
      "BB_LOWER": 200.367161
    },
    "NYSEARCA:XLV": {
      "RSI14": 74.54,
      "ATR14": 2.059843,
      "BB_MA20": 140.88275,
      "BB_LOWER": 133.891373
    },
    "NYSEARCA:XLF": {
      "RSI14": 34.46,
      "ATR14": 0.8315,
      "BB_MA20": 53.34025,
      "BB_LOWER": 52.087076
    },
    "NYSEARCA:XLE": {
      "RSI14": 28.38,
      "ATR14": 1.530357,
      "BB_MA20": 88.38675,
      "BB_LOWER": 84.584995
    },
    "NASDAQ:MSFT": {
      "RSI14": 50.19,
      "ATR14": 8.54685,
      "BB_MA20": 515.794,
      "BB_LOWER": 504.771148
    },
    "NASDAQ:AAPL": {
      "RSI14": 46.78,
      "ATR14": 4.599571,
      "BB_MA20": 253.502,
      "BB_LOWER": 245.840805
    },
    "NASDAQ:GOOGL": {
      "RSI14": 61.84,
      "ATR14": 5.987429,
      "BB_MA20": 246.56,
      "BB_LOWER": 238.450578
    },
    "NASDAQ:META": {
      "RSI14": 40.41,
      "ATR14": 18.169964,
      "BB_MA20": 728.086,
      "BB_LOWER": 691.637406
    },
    "NASDAQ:AMD": {
      "RSI14": 76.88,
      "ATR14": 15.083843,
      "BB_MA20": 193.17275,
      "BB_LOWER": 129.284698
    },
    "NASDAQ:LRCX": {
      "RSI14": 59.16,
      "ATR14": 6.418386,
      "BB_MA20": 137.9525,
      "BB_LOWER": 124.776372
    },
    "NASDAQ:ASML": {
      "RSI14": 61.51,
      "ATR14": 31.820121,
      "BB_MA20": 987.02925,
      "BB_LOWER": 923.675037
    },
    "NYSE:COST": {
      "RSI14": 57.26,
      "ATR14": 15.474543,
      "BB_MA20": 929.785225,
      "BB_LOWER": 902.636254
    },
    "NYSE:UNH": {
      "RSI14": 61.33,
      "ATR14": 9.071143,
      "BB_MA20": 354.5885,
      "BB_LOWER": 338.594991
    },
    "NYSE:JPM": {
      "RSI14": 31.03,
      "ATR14": 7.485043,
      "BB_MA20": 308.3435,
      "BB_LOWER": 297.400811
    },
    "NYSE:BRK.B": {
      "RSI14": 43.84,
      "ATR14": 6.83685,
      "BB_MA20": 496.454,
      "BB_LOWER": 488.887814
    },
    "NYSE:NVO": {
      "RSI14": 45.41,
      "ATR14": 1.634843,
      "BB_MA20": 57.71775,
      "BB_LOWER": 54.135929
    },
    "NYSE:LLY": {
      "RSI14": 66.17,
      "ATR14": 26.184321,
      "BB_MA20": 797.9175,
      "BB_LOWER": 705.89246
    }
  },
  "cr": {
    "BINANCE:BTCUSDT": {
      "RSI14": 26.73,
      "ATR14": 5135.305,
      "BB_MA20": 116547.189,
      "BB_LOWER": 105668.850362
    },
    "BINANCE:ETHUSDT": {
      "RSI14": 34.78,
      "ATR14": 311.703571,
      "BB_MA20": 4234.467,
      "BB_LOWER": 3702.356271
    },
    "BINANCE:SOLUSDT": {
      "RSI14": 32.17,
      "ATR14": 18.460714,
      "BB_MA20": 210.8415,
      "BB_LOWER": 175.172221
    },
    "BINANCE:LINKUSDT": {
      "RSI14": 30.7,
      "ATR14": 2.640714,
      "BB_MA20": 20.535,
      "BB_LOWER": 16.150639
    },
    "BINANCE:XRPUSDT": {
      "RSI14": 21.75,
      "ATR14": 0.262907,
      "BB_MA20": 2.72584,
      "BB_LOWER": 2.212365
    },
    "BINANCE:FETUSDT": {
      "RSI14": 9.34,
      "ATR14": 0.06605,
      "BB_MA20": 0.47278,
      "BB_LOWER": 0.222272
    },
    "BINANCE:ADAUSDT": {
      "RSI14": 27.8,
      "ATR14": 0.092636,
      "BB_MA20": 0.76821,
      "BB_LOWER": 0.592461
    },
    "BINANCE:DOTUSDT": {
      "RSI14": 25.75,
      "ATR14": 0.530857,
      "BB_MA20": 3.73185,
      "BB_LOWER": 2.673417
    },
    "BINANCE:ATOMUSDT": {
      "RSI14": 31.67,
      "ATR14": 0.553786,
      "BB_MA20": 3.82105,
      "BB_LOWER": 2.931546
    },
    "BINANCE:ARBUSDT": {
      "RSI14": 28.91,
      "ATR14": 0.054229,
      "BB_MA20": 0.38927,
      "BB_LOWER": 0.275648
    },
    "BINANCE:OPUSDT": {
      "RSI14": 19.64,
      "ATR14": 0.087807,
      "BB_MA20": 0.615585,
      "BB_LOWER": 0.365863
    },
    "BINANCE:AAVEUSDT": {
      "RSI14": 29.05,
      "ATR14": 34.355714,
      "BB_MA20": 264.491,
      "BB_LOWER": 212.885914
    },
    "BINANCE:UNIUSDT": {
      "RSI14": 32.55,
      "ATR14": 0.986786,
      "BB_MA20": 7.34995,
      "BB_LOWER": 5.66197
    },
    "BINANCE:LTCUSDT": {
      "RSI14": 25.16,
      "ATR14": 12.869286,
      "BB_MA20": 107.941,
      "BB_LOWER": 85.304752
    },
    "BINANCE:TRXUSDT": {
      "RSI14": 27.74,
      "ATR14": 0.010857,
      "BB_MA20": 0.3309,
      "BB_LOWER": 0.307986
    },
    "BINANCE:TONUSDT": {
      "RSI14": 25.93,
      "ATR14": 0.300714,
      "BB_MA20": 2.54805,
      "BB_LOWER": 1.961433
    },
    "BINANCE:NEARUSDT": {
      "RSI14": 24.57,
      "ATR14": 0.326357,
      "BB_MA20": 2.68435,
      "BB_LOWER": 2.098599
    },
    "BINANCE:INJUSDT": {
      "RSI14": 23.37,
      "ATR14": 1.610714,
      "BB_MA20": 11.134,
      "BB_LOWER": 7.53527
    }
  },
  "errors": []
}