{
  "generated_at_brt": "2025-10-17T16:51:37-0300",
  "eq": {
    "NYSEARCA:VUG": {
      "RSI14": 50.73,
      "ATR14": 7.126564,
      "BB_MA20": 479.7515,
      "BB_LOWER": 471.489708
    },
    "NYSEARCA:IVW": {
      "RSI14": 50.82,
      "ATR14": 1.766393,
      "BB_MA20": 120.5765,
      "BB_LOWER": 118.6879
    },
    "NYSEARCA:IUSG": {
      "RSI14": 50.52,
      "ATR14": 2.359864,
      "BB_MA20": 164.38922,
      "BB_LOWER": 161.831626
    },
    "NYSEARCA:SGOV": {
      "RSI14": 38.18,
      "ATR14": 0.042857,
      "BB_MA20": 100.538,
      "BB_LOWER": 100.324122
    },
    "NASDAQ:QQQM": {
      "RSI14": 53.8,
      "ATR14": 3.789286,
      "BB_MA20": 247.5655,
      "BB_LOWER": 243.192467
    },
    "NASDAQ:SOXX": {
      "RSI14": 61.0,
      "ATR14": 8.817371,
      "BB_MA20": 278.8165,
      "BB_LOWER": 262.13267
    },
    "NASDAQ:NVDA": {
      "RSI14": 51.54,
      "ATR14": 5.969993,
      "BB_MA20": 183.7855,
      "BB_LOWER": 175.148835
    },
    "NASDAQ:AVGO": {
      "RSI14": 59.87,
      "ATR14": 14.674414,
      "BB_MA20": 339.8655,
      "BB_LOWER": 323.325082
    },
    "NYSE:TSM": {
      "RSI14": 60.07,
      "ATR14": 12.484521,
      "BB_MA20": 289.4635,
      "BB_LOWER": 267.432667
    },
    "NYSE:PLTR": {
      "RSI14": 49.51,
      "ATR14": 8.244993,
      "BB_MA20": 180.185035,
      "BB_LOWER": 173.47592
    },
    "NYSE:VST": {
      "RSI14": 52.95,
      "ATR14": 9.6276,
      "BB_MA20": 204.234,
      "BB_LOWER": 193.485072
    },
    "NYSEARCA:ARGT": {
      "RSI14": 47.65,
      "ATR14": 2.552814,
      "BB_MA20": 71.64425,
      "BB_LOWER": 66.760312
    },
    "NYSEARCA:SPY": {
      "RSI14": 50.9,
      "ATR14": 8.105757,
      "BB_MA20": 665.078,
      "BB_LOWER": 655.390789
    },
    "NYSEARCA:VOO": {
      "RSI14": 50.92,
      "ATR14": 7.38525,
      "BB_MA20": 611.871,
      "BB_LOWER": 603.385014
    },
    "NYSEARCA:VTI": {
      "RSI14": 50.57,
      "ATR14": 4.098643,
      "BB_MA20": 328.097,
      "BB_LOWER": 323.538057
    },
    "NASDAQ:QQQ": {
      "RSI14": 53.82,
      "ATR14": 9.237179,
      "BB_MA20": 601.38428,
      "BB_LOWER": 590.748722
    },
    "NYSEARCA:XLK": {
      "RSI14": 55.65,
      "ATR14": 5.308879,
      "BB_MA20": 283.46,
      "BB_LOWER": 276.155388
    },
    "NYSEARCA:SMH": {
      "RSI14": 61.33,
      "ATR14": 9.532764,
      "BB_MA20": 333.20175,
      "BB_LOWER": 314.868044
    },
    "NYSEARCA:IJR": {
      "RSI14": 46.94,
      "ATR14": 2.036786,
      "BB_MA20": 118.4215,
      "BB_LOWER": 115.827698
    },
    "NYSEARCA:IWF": {
      "RSI14": 51.0,
      "ATR14": 6.976379,
      "BB_MA20": 468.320485,
      "BB_LOWER": 460.468984
    },
    "NYSEARCA:IWD": {
      "RSI14": 49.23,
      "ATR14": 2.313214,
      "BB_MA20": 203.1265,
      "BB_LOWER": 200.36418
    },
    "NYSEARCA:XLV": {
      "RSI14": 74.78,
      "ATR14": 2.068771,
      "BB_MA20": 140.89,
      "BB_LOWER": 133.888794
    },
    "NYSEARCA:XLF": {
      "RSI14": 34.46,
      "ATR14": 0.835071,
      "BB_MA20": 53.34025,
      "BB_LOWER": 52.087076
    },
    "NYSEARCA:XLE": {
      "RSI14": 28.27,
      "ATR14": 1.530357,
      "BB_MA20": 88.386,
      "BB_LOWER": 84.582305
    },
    "NASDAQ:MSFT": {
      "RSI14": 50.25,
      "ATR14": 8.55985,
      "BB_MA20": 515.79725,
      "BB_LOWER": 504.775546
    },
    "NASDAQ:AAPL": {
      "RSI14": 47.53,
      "ATR14": 4.627429,
      "BB_MA20": 253.5235,
      "BB_LOWER": 245.871603
    },
    "NASDAQ:GOOGL": {
      "RSI14": 61.26,
      "ATR14": 5.987429,
      "BB_MA20": 246.53049,
      "BB_LOWER": 238.517855
    },
    "NASDAQ:AMZN": {
      "RSI14": 38.26,
      "ATR14": 5.547493,
      "BB_MA20": 220.1195,
      "BB_LOWER": 212.525878
    },
    "NASDAQ:META": {
      "RSI14": 40.97,
      "ATR14": 18.186421,
      "BB_MA20": 728.1555,
      "BB_LOWER": 691.796068
    },
    "NASDAQ:AMD": {
      "RSI14": 76.99,
      "ATR14": 15.083843,
      "BB_MA20": 193.182505,
      "BB_LOWER": 129.26986
    },
    "NASDAQ:LRCX": {
      "RSI14": 59.42,
      "ATR14": 6.418386,
      "BB_MA20": 137.96525,
      "BB_LOWER": 124.77346
    },
    "NASDAQ:ASML": {
      "RSI14": 61.84,
      "ATR14": 31.820121,
      "BB_MA20": 987.1525,
      "BB_LOWER": 923.474878
    },
    "NYSE:COST": {
      "RSI14": 56.2,
      "ATR14": 15.474543,
      "BB_MA20": 929.624,
      "BB_LOWER": 902.59138
    },
    "NYSE:UNH": {
      "RSI14": 60.9,
      "ATR14": 9.081421,
      "BB_MA20": 354.55825,
      "BB_LOWER": 338.58597
    },
    "NYSE:JPM": {
      "RSI14": 30.99,
      "ATR14": 7.485043,
      "BB_MA20": 308.34075,
      "BB_LOWER": 297.387391
    },
    "NYSE:BRK.B": {
      "RSI14": 43.78,
      "ATR14": 6.83685,
      "BB_MA20": 496.4515,
      "BB_LOWER": 488.880983
    },
    "NYSE:NVO": {
      "RSI14": 45.56,
      "ATR14": 1.634843,
      "BB_MA20": 57.71991,
      "BB_LOWER": 54.146232
    },
    "NYSE:LLY": {
      "RSI14": 67.32,
      "ATR14": 26.184321,
      "BB_MA20": 798.11125,
      "BB_LOWER": 706.05444
    }
  },
  "cr": {
    "BINANCE:BTCUSDT": {
      "RSI14": 26.58,
      "ATR14": 5135.305,
      "BB_MA20": 116537.7215,
      "BB_LOWER": 105624.844255
    },
    "BINANCE:ETHUSDT": {
      "RSI14": 34.58,
      "ATR14": 311.703571,
      "BB_MA20": 4233.829,
      "BB_LOWER": 3699.800461
    },
    "BINANCE:SOLUSDT": {
      "RSI14": 31.85,
      "ATR14": 18.460714,
      "BB_MA20": 210.772,
      "BB_LOWER": 174.884292
    },
    "BINANCE:LINKUSDT": {
      "RSI14": 30.62,
      "ATR14": 2.640714,
      "BB_MA20": 20.533,
      "BB_LOWER": 16.141066
    },
    "BINANCE:XRPUSDT": {
      "RSI14": 21.58,
      "ATR14": 0.262907,
      "BB_MA20": 2.725315,
      "BB_LOWER": 2.210109
    },
    "BINANCE:FETUSDT": {
      "RSI14": 9.33,
      "ATR14": 0.06605,
      "BB_MA20": 0.472765,
      "BB_LOWER": 0.222208
    },
    "BINANCE:ADAUSDT": {
      "RSI14": 27.68,
      "ATR14": 0.092636,
      "BB_MA20": 0.768095,
      "BB_LOWER": 0.59197
    },
    "BINANCE:DOTUSDT": {
      "RSI14": 25.66,
      "ATR14": 0.530857,
      "BB_MA20": 3.73135,
      "BB_LOWER": 2.671362
    },
    "BINANCE:ATOMUSDT": {
      "RSI14": 31.47,
      "ATR14": 0.553786,
      "BB_MA20": 3.8201,
      "BB_LOWER": 2.927806
    },
    "BINANCE:ARBUSDT": {
      "RSI14": 28.82,
      "ATR14": 0.054229,
      "BB_MA20": 0.389215,
      "BB_LOWER": 0.275427
    },
    "BINANCE:OPUSDT": {
      "RSI14": 19.55,
      "ATR14": 0.087807,
      "BB_MA20": 0.61546,
      "BB_LOWER": 0.365346
    },
    "BINANCE:AAVEUSDT": {
      "RSI14": 28.87,
      "ATR14": 34.355714,
      "BB_MA20": 264.429,
      "BB_LOWER": 212.531163
    },
    "BINANCE:UNIUSDT": {
      "RSI14": 32.42,
      "ATR14": 0.986786,
      "BB_MA20": 7.3488,
      "BB_LOWER": 5.657543
    },
    "BINANCE:LTCUSDT": {
      "RSI14": 25.1,
      "ATR14": 12.869286,
      "BB_MA20": 107.9345,
      "BB_LOWER": 85.278433
    },
    "BINANCE:TRXUSDT": {
      "RSI14": 27.41,
      "ATR14": 0.010857,
      "BB_MA20": 0.330855,
      "BB_LOWER": 0.307766
    },
    "BINANCE:TONUSDT": {
      "RSI14": 25.89,
      "ATR14": 0.300714,
      "BB_MA20": 2.54795,
      "BB_LOWER": 1.961041
    },
    "BINANCE:NEARUSDT": {
      "RSI14": 24.43,
      "ATR14": 0.326357,
      "BB_MA20": 2.68385,
      "BB_LOWER": 2.096261
    },
    "BINANCE:INJUSDT": {
      "RSI14": 23.25,
      "ATR14": 1.610714,
      "BB_MA20": 11.1315,
      "BB_LOWER": 7.524921
    }
  },
  "errors": []
}