{
  "generated_at_brt": "2025-10-23T11:36:27-03:00",
  "eq": {
    "NYSEARCA:VUG": {
      "RSI14": 55.86,
      "ATR14": 3.476159,
      "BB_MA20": 480.646648,
      "BB_LOWER": 472.487105,
      "CLOSE": 483.1300048828125
    },
    "NYSEARCA:IVW": {
      "RSI14": 54.36,
      "ATR14": 0.801281,
      "BB_MA20": 120.720501,
      "BB_LOWER": 118.983534,
      "CLOSE": 120.93000030517578
    },
    "NYSEARCA:IUSG": {
      "RSI14": 54.18,
      "ATR14": 1.085938,
      "BB_MA20": 164.5715,
      "BB_LOWER": 162.215148,
      "CLOSE": 164.8300018310547
    },
    "NYSEARCA:SGOV": {
      "RSI14": 97.48,
      "ATR14": 0.015665,
      "BB_MA20": 100.477702,
      "BB_LOWER": 100.299355,
      "CLOSE": 100.61499786376953
    },
    "NASDAQ:QQQM": {
      "RSI14": 57.38,
      "ATR14": 1.833762,
      "BB_MA20": 248.521751,
      "BB_LOWER": 243.924794,
      "CLOSE": 250.43499755859375
    },
    "NASDAQ:SOXX": {
      "RSI14": 58.82,
      "ATR14": 4.757425,
      "BB_MA20": 282.87,
      "BB_LOWER": 267.47396,
      "CLOSE": 289.4200134277344
    },
    "NASDAQ:NVDA": {
      "RSI14": 49.94,
      "ATR14": 2.540165,
      "BB_MA20": 184.232346,
      "BB_LOWER": 176.721346,
      "CLOSE": 181.56689453125
    },
    "NASDAQ:AVGO": {
      "RSI14": 53.58,
      "ATR14": 6.322407,
      "BB_MA20": 341.138997,
      "BB_LOWER": 324.037118,
      "CLOSE": 345.6099853515625
    },
    "NYSE:TSM": {
      "RSI14": 54.79,
      "ATR14": 6.194228,
      "BB_MA20": 292.442,
      "BB_LOWER": 273.673898,
      "CLOSE": 293.1499938964844
    },
    "NYSE:PLTR": {
      "RSI14": 49.95,
      "ATR14": 3.033234,
      "BB_MA20": 179.9325,
      "BB_LOWER": 172.835236,
      "CLOSE": 177.13
    },
    "NYSE:VST": {
      "RSI14": 41.5,
      "ATR14": 4.907613,
      "BB_MA20": 200.722001,
      "BB_LOWER": 185.864648,
      "CLOSE": 189.52000427246094
    },
    "NYSEARCA:ARGT": {
      "RSI14": 51.64,
      "ATR14": 1.296785,
      "BB_MA20": 70.9205,
      "BB_LOWER": 67.164762,
      "CLOSE": 72.75
    },
    "NYSEARCA:SPY": {
      "RSI14": 56.64,
      "ATR14": 3.569058,
      "BB_MA20": 666.600244,
      "BB_LOWER": 657.047989,
      "CLOSE": 669.5650024414062
    },
    "NYSEARCA:VOO": {
      "RSI14": 56.72,
      "ATR14": 3.251971,
      "BB_MA20": 612.837006,
      "BB_LOWER": 604.093939,
      "CLOSE": 615.5401000976562
    },
    "NYSEARCA:VTI": {
      "RSI14": 55.91,
      "ATR14": 1.839884,
      "BB_MA20": 328.578224,
      "BB_LOWER": 323.919085,
      "CLOSE": 329.8815002441406
    },
    "NASDAQ:QQQ": {
      "RSI14": 57.39,
      "ATR14": 4.472959,
      "BB_MA20": 603.702496,
      "BB_LOWER": 592.526479,
      "CLOSE": 608.4000244140625
    },
    "NYSEARCA:XLK": {
      "RSI14": 59.08,
      "ATR14": 2.548559,
      "BB_MA20": 284.981001,
      "BB_LOWER": 278.271646,
      "CLOSE": 288.010009765625
    },
    "NYSEARCA:SMH": {
      "RSI14": 59.41,
      "ATR14": 4.913678,
      "BB_MA20": 337.622997,
      "BB_LOWER": 322.019774,
      "CLOSE": 343.67999267578125
    },
    "NYSEARCA:IJR": {
      "RSI14": 52.98,
      "ATR14": 1.05383,
      "BB_MA20": 118.5685,
      "BB_LOWER": 115.968566,
      "CLOSE": 119.33000183105469
    },
    "NYSEARCA:IWF": {
      "RSI14": 55.53,
      "ATR14": 3.316813,
      "BB_MA20": 469.116748,
      "BB_LOWER": 461.610023,
      "CLOSE": 470.9549865722656
    },
    "NYSEARCA:IWD": {
      "RSI14": 55.23,
      "ATR14": 1.005433,
      "BB_MA20": 203.622499,
      "BB_LOWER": 200.849725,
      "CLOSE": 204.4600067138672
    },
    "NYSEARCA:XLV": {
      "RSI14": 67.32,
      "ATR14": 0.823968,
      "BB_MA20": 142.754,
      "BB_LOWER": 137.164441,
      "CLOSE": 145.5500030517578
    },
    "NYSEARCA:XLF": {
      "RSI14": 43.66,
      "ATR14": 0.35299,
      "BB_MA20": 53.11225,
      "BB_LOWER": 51.795639,
      "CLOSE": 52.435001373291016
    },
    "NYSEARCA:XLE": {
      "RSI14": 56.2,
      "ATR14": 0.784806,
      "BB_MA20": 87.984501,
      "BB_LOWER": 84.465544,
      "CLOSE": 88.87000274658203
    },
    "NASDAQ:MSFT": {
      "RSI14": 58.84,
      "ATR14": 3.135153,
      "BB_MA20": 517.554492,
      "BB_LOWER": 507.910171,
      "CLOSE": 522.2899780273438
    },
    "NASDAQ:AAPL": {
      "RSI14": 60.72,
      "ATR14": 2.887133,
      "BB_MA20": 254.643499,
      "BB_LOWER": 244.977095,
      "CLOSE": 259.239990234375
    },
    "NASDAQ:GOOGL": {
      "RSI14": 62.06,
      "ATR14": 2.90855,
      "BB_MA20": 247.34025,
      "BB_LOWER": 237.839427,
      "CLOSE": 254.1750030517578
    },
    "NASDAQ:AMZN": {
      "RSI14": 49.37,
      "ATR14": 3.024694,
      "BB_MA20": 219.6105,
      "BB_LOWER": 212.609362,
      "CLOSE": 220.1300048828125
    },
    "NASDAQ:META": {
      "RSI14": 53.75,
      "ATR14": 8.012674,
      "BB_MA20": 723.540002,
      "BB_LOWER": 699.95341,
      "CLOSE": 739.1900024414062
    },
    "NASDAQ:AMD": {
      "RSI14": 66.91,
      "ATR14": 6.370935,
      "BB_MA20": 208.118999,
      "BB_LOWER": 146.577493,
      "CLOSE": 233.22000122070312
    },
    "NASDAQ:LRCX": {
      "RSI14": 60.29,
      "ATR14": 3.113375,
      "BB_MA20": 140.6065,
      "BB_LOWER": 129.679613,
      "CLOSE": 143.69
    },
    "NASDAQ:ASML": {
      "RSI14": 63.01,
      "ATR14": 16.955376,
      "BB_MA20": 1001.466754,
      "BB_LOWER": 941.080297,
      "CLOSE": 1026.06494140625
    },
    "NYSE:COST": {
      "RSI14": 49.82,
      "ATR14": 8.254073,
      "BB_MA20": 928.833151,
      "BB_LOWER": 903.289883,
      "CLOSE": 937.9829711914062
    },
    "NYSE:UNH": {
      "RSI14": 54.12,
      "ATR14": 4.191183,
      "BB_MA20": 357.6545,
      "BB_LOWER": 343.220042,
      "CLOSE": 357.4200134277344
    },
    "NYSE:JPM": {
      "RSI14": 40.59,
      "ATR14": 3.09586,
      "BB_MA20": 304.710693,
      "BB_LOWER": 292.647585,
      "CLOSE": 295.097900390625
    },
    "NYSE:BRK.B": {
      "RSI14": 43.79,
      "ATR14": 2.922499,
      "BB_MA20": 495.743919,
      "BB_LOWER": 487.120988,
      "CLOSE": 489.2583923339844
    },
    "NYSE:NVO": {
      "RSI14": 36.67,
      "ATR14": 0.943092,
      "BB_MA20": 56.82025,
      "BB_LOWER": 52.722462,
      "CLOSE": 53.1349983215332
    },
    "NYSE:LLY": {
      "RSI14": 56.39,
      "ATR14": 11.312817,
      "BB_MA20": 812.018997,
      "BB_LOWER": 741.965274,
      "CLOSE": 816.4600219726562
    }
  },
  "cr": {
    "BINANCE:BTCUSDT": {
      "RSI14": 34.39,
      "ATR14": 2298.025243,
      "BB_MA20": 114034.274,
      "BB_LOWER": 101622.310966,
      "CLOSE": 109666.21
    },
    "BINANCE:ETHUSDT": {
      "RSI14": 31.44,
      "ATR14": 131.909802,
      "BB_MA20": 4110.4635,
      "BB_LOWER": 3534.585441,
      "CLOSE": 3846.33
    },
    "BINANCE:SOLUSDT": {
      "RSI14": 34.18,
      "ATR14": 9.016769,
      "BB_MA20": 200.763,
      "BB_LOWER": 164.110209,
      "CLOSE": 190.86
    },
    "BINANCE:LINKUSDT": {
      "RSI14": 32.61,
      "ATR14": 0.904723,
      "BB_MA20": 19.1625,
      "BB_LOWER": 14.731803,
      "CLOSE": 17.33
    },
    "BINANCE:XRPUSDT": {
      "RSI14": 29.9,
      "ATR14": 0.088493,
      "BB_MA20": 2.56582,
      "BB_LOWER": 2.088429,
      "CLOSE": 2.4025
    },
    "BINANCE:FETUSDT": {
      "RSI14": 19.5,
      "ATR14": 0.0236,
      "BB_MA20": 0.3753,
      "BB_LOWER": 0.119582,
      "CLOSE": 0.2472
    },
    "BINANCE:ADAUSDT": {
      "RSI14": 30.73,
      "ATR14": 0.029318,
      "BB_MA20": 0.71056,
      "BB_LOWER": 0.536092,
      "CLOSE": 0.6408
    },
    "BINANCE:DOTUSDT": {
      "RSI14": 30.56,
      "ATR14": 0.141773,
      "BB_MA20": 3.39525,
      "BB_LOWER": 2.326047,
      "CLOSE": 2.976
    },
    "BINANCE:ATOMUSDT": {
      "RSI14": 33.32,
      "ATR14": 0.134638,
      "BB_MA20": 3.5228,
      "BB_LOWER": 2.661346,
      "CLOSE": 3.196
    },
    "BINANCE:ARBUSDT": {
      "RSI14": 31.72,
      "ATR14": 0.016549,
      "BB_MA20": 0.352505,
      "BB_LOWER": 0.242714,
      "CLOSE": 0.3111
    },
    "BINANCE:OPUSDT": {
      "RSI14": 25.34,
      "ATR14": 0.026143,