{
  "generated_at_brt": "2025-10-20T13:10:30-03:00",
  "eq": {
    "NYSEARCA:VUG": {
      "RSI14": 57.45,
      "ATR14": 3.841483,
      "BB_MA20": 479.643549,
      "BB_LOWER": 471.149665,
      "CLOSE": 484.5799865722656
    },
    "NYSEARCA:IVW": {
      "RSI14": 56.4,
      "ATR14": 0.886773,
      "BB_MA20": 120.564996,
      "BB_LOWER": 118.703323,
      "CLOSE": 121.38990020751953
    },
    "NYSEARCA:IUSG": {
      "RSI14": 56.26,
      "ATR14": 1.193284,
      "BB_MA20": 164.367495,
      "BB_LOWER": 161.854588,
      "CLOSE": 165.42990112304688
    },
    "NYSEARCA:SGOV": {
      "RSI14": 97.07,
      "ATR14": 0.016846,
      "BB_MA20": 100.431928,
      "BB_LOWER": 100.254502,
      "CLOSE": 100.58000183105469
    },
    "NASDAQ:QQQM": {
      "RSI14": 60.85,
      "ATR14": 1.993447,
      "BB_MA20": 247.756501,
      "BB_LOWER": 243.003217,
      "CLOSE": 251.8699951171875
    },
    "NASDAQ:SOXX": {
      "RSI14": 63.76,
      "ATR14": 4.834611,
      "BB_MA20": 280.009999,
      "BB_LOWER": 262.659896,
      "CLOSE": 293.79998779296875
    },
    "NASDAQ:NVDA": {
      "RSI14": 50.91,
      "ATR14": 2.853593,
      "BB_MA20": 183.772751,
      "BB_LOWER": 175.134302,
      "CLOSE": 183.36500549316406
    },
    "NASDAQ:AVGO": {
      "RSI14": 55.03,
      "ATR14": 6.777877,
      "BB_MA20": 340.446498,
      "BB_LOWER": 323.303121,
      "CLOSE": 349.6099853515625
    },
    "NYSE:TSM": {
      "RSI14": 58.94,
      "ATR14": 6.882767,
      "BB_MA20": 290.764497,
      "BB_LOWER": 269.750431,
      "CLOSE": 300.6099853515625
    },
    "NYSE:PLTR": {
      "RSI14": 56.03,
      "ATR14": 3.197754,
      "BB_MA20": 180.3305,
      "BB_LOWER": 173.550383,
      "CLOSE": 182.4499969482422
    },
    "NYSE:VST": {
      "RSI14": 45.0,
      "ATR14": 4.974662,
      "BB_MA20": 203.1475,
      "BB_LOWER": 193.914691,
      "CLOSE": 196.7
    },
    "NYSEARCA:ARGT": {
      "RSI14": 47.58,
      "ATR14": 1.366299,
      "BB_MA20": 71.5,
      "BB_LOWER": 66.780794,
      "CLOSE": 71.61000061035156
    },
    "NYSEARCA:SPY": {
      "RSI14": 58.48,
      "ATR14": 3.956833,
      "BB_MA20": 665.246246,
      "BB_LOWER": 655.29205,
      "CLOSE": 670.5150146484375
    },
    "NYSEARCA:VOO": {
      "RSI14": 58.58,
      "ATR14": 3.605017,
      "BB_MA20": 611.59191,
      "BB_LOWER": 602.454792,
      "CLOSE": 616.4500122070312
    },
    "NYSEARCA:VTI": {
      "RSI14": 58.01,
      "ATR14": 2.005966,
      "BB_MA20": 327.936504,
      "BB_LOWER": 323.072611,
      "CLOSE": 330.40411376953125
    },
    "NASDAQ:QQQ": {
      "RSI14": 60.79,
      "ATR14": 4.864231,
      "BB_MA20": 601.844748,
      "BB_LOWER": 590.291479,
      "CLOSE": 611.8250122070312
    },
    "NYSEARCA:XLK": {
      "RSI14": 60.57,
      "ATR14": 2.761855,
      "BB_MA20": 283.751501,
      "BB_LOWER": 276.117117,
      "CLOSE": 288.7300109863281
    },
    "NYSEARCA:SMH": {
      "RSI14": 64.1,
      "ATR14": 5.116103,
      "BB_MA20": 334.505997,
      "BB_LOWER": 315.770268,
      "CLOSE": 348.5899963378906
    },
    "NYSEARCA:IJR": {
      "RSI14": 53.64,
      "ATR14": 1.137902,
      "BB_MA20": 118.390999,
      "BB_LOWER": 115.83898,
      "CLOSE": 118.94999694824219
    },
    "NYSEARCA:IWF": {
      "RSI14": 57.39,
      "ATR14": 3.624313,
      "BB_MA20": 468.285999,
      "BB_LOWER": 460.444585,
      "CLOSE": 472.4800109863281
    },
    "NYSEARCA:IWD": {
      "RSI14": 56.87,
      "ATR14": 1.123807,
      "BB_MA20": 203.215248,
      "BB_LOWER": 200.414607,
      "CLOSE": 204.38499450683594
    },
    "NYSEARCA:XLV": {
      "RSI14": 66.73,
      "ATR14": 0.885471,
      "BB_MA20": 141.27275,
      "BB_LOWER": 134.407553,
      "CLOSE": 144.34500122070312
    },
    "NYSEARCA:XLF": {
      "RSI14": 45.22,
      "ATR14": 0.399031,
      "BB_MA20": 53.26425,
      "BB_LOWER": 51.991107,
      "CLOSE": 52.584999084472656
    },
    "NYSEARCA:XLE": {
      "RSI14": 44.26,
      "ATR14": 0.742671,
      "BB_MA20": 88.326755,
      "BB_LOWER": 84.445766,
      "CLOSE": 86.42510223388672
    },
    "NASDAQ:MSFT": {
      "RSI14": 52.03,
      "ATR14": 3.453152,
      "BB_MA20": 515.853496,
      "BB_LOWER": 504.802268,
      "CLOSE": 516.8499755859375
    },
    "NASDAQ:AAPL": {
      "RSI14": 67.59,
      "ATR14": 3.253943,
      "BB_MA20": 253.872999,
      "BB_LOWER": 245.063164,
      "CLOSE": 263.67999267578125
    },
    "NASDAQ:GOOGL": {
      "RSI14": 67.98,
      "ATR14": 2.844217,
      "BB_MA20": 246.761,
      "BB_LOWER": 237.893757,
      "CLOSE": 256.70001220703125
    },
    "NASDAQ:AMZN": {
      "RSI14": 40.66,
      "ATR14": 2.682681,
      "BB_MA20": 219.478951,
      "BB_LOWER": 212.379003,
      "CLOSE": 214.88900756835938
    },
    "NASDAQ:META": {
      "RSI14": 49.15,
      "ATR14": 9.253092,
      "BB_MA20": 726.345758,
      "BB_LOWER": 694.155204,
      "CLOSE": 729.1851196289062
    },
    "NASDAQ:AMD": {
      "RSI14": 73.84,
      "ATR14": 6.933081,
      "BB_MA20": 197.263499,
      "BB_LOWER": 131.979971,
      "CLOSE": 241.8800048828125
    },
    "NASDAQ:LRCX": {
      "RSI14": 62.18,
      "ATR14": 3.325228,
      "BB_MA20": 138.530498,
      "BB_LOWER": 125.338455,
      "CLOSE": 144.38999938964844
    },
    "NASDAQ:ASML": {
      "RSI14": 69.44,
      "ATR14": 18.10726,
      "BB_MA20": 991.751505,
      "BB_LOWER": 924.014721,
      "CLOSE": 1050.5
    },
    "NYSE:COST": {
      "RSI14": 48.36,
      "ATR14": 9.168587,
      "BB_MA20": 929.310004,
      "BB_LOWER": 902.793384,
      "CLOSE": 933.6300048828125
    },
    "NYSE:UNH": {
      "RSI14": 63.52,
      "ATR14": 4.323222,
      "BB_MA20": 355.657254,
      "BB_LOWER": 340.43852,
      "CLOSE": 363.7550964355469
    },
    "NYSE:JPM": {
      "RSI14": 46.28,
      "ATR14": 3.058,
      "BB_MA20": 307.096999,
      "BB_LOWER": 297.065186,
      "CLOSE": 301.32000732421875
    },
    "NYSE:BRK.B": {
      "RSI14": 46.18,
      "ATR14": 3.194336,
      "BB_MA20": 496.25918,
      "BB_LOWER": 488.284523,
      "CLOSE": 490.5935974121094
    },
    "NYSE:NVO": {
      "RSI14": 47.05,
      "ATR14": 1.008951,
      "BB_MA20": 57.492505,
      "BB_LOWER": 54.136856,
      "CLOSE": 56.160099029541016
    },
    "NYSE:LLY": {
      "RSI14": 52.8,
      "ATR14": 11.720843,
      "BB_MA20": 800.395615,
      "BB_LOWER": 710.498482,
      "CLOSE": 801.5324096679688
    }
  },
  "cr": {
    "BINANCE:BTCUSDT": {
      "RSI14": 38.69,
      "ATR14": 2207.176635,
      "BB_MA20": 115853.92,
      "BB_LOWER": 103714.834911,
      "CLOSE": 111099.99
    },
    "BINANCE:ETHUSDT": {
      "RSI14": 34.89,
      "ATR14": 138.058251,
      "BB_MA20": 4201.5335,
      "BB_LOWER": 3630.382116,
      "CLOSE": 3980.28
    },
    "BINANCE:SOLUSDT": {
      "RSI14": 32.63,
      "ATR14": 8.850762,
      "BB_MA20": 207.411,
      "BB_LOWER": 168.124372,
      "CLOSE": 189.66
    },
    "BINANCE:LINKUSDT": {
      "RSI14": 37.68,
      "ATR14": 0.962615,
      "BB_MA20": 19.9515,
      "BB_LOWER": 15.221763,
      "CLOSE": 18.73
    },
    "BINANCE:XRPUSDT": {
      "RSI14": 34.03,
      "ATR14": 0.084319,
      "BB_MA20": 2.656305,
      "BB_LOWER": 2.11077,
      "CLOSE": 2.4664
    },
    "BINANCE:FETUSDT": {
      "RSI14": 19.26,
      "ATR14": 0.025067,
      "BB_MA20": 0.42953,
      "BB_LOWER": 0.159843,
      "CLOSE": 0.2821
    },
    "BINANCE:ADAUSDT": {
      "RSI14": 30.34,
      "ATR14": 0.032532,
      "BB_MA20": 0.74458,
      "BB_LOWER": 0.554178,
      "CLOSE": 0.6634
    },
    "BINANCE:DOTUSDT": {
      "RSI14": 30.58,
      "ATR14": 0.159998,
      "BB_MA20": 3.58765,
      "BB_LOWER": 2.435116,
      "CLOSE": 3.082
    },
    "BINANCE:ATOMUSDT": {
      "RSI14": 30.71,
      "ATR14": 0.157678,
      "BB_MA20": 3.68395,
      "BB_LOWER": 2.74767,
      "CLOSE": 3.265
    },
    "BINANCE:ARBUSDT": {
      "RSI14": 27.46,
      "ATR14": 0.020606,
      "BB_MA20": 0.37323,
      "BB_LOWER": 0.253212,
      "CLOSE": 0.3219
    },
    "BINANCE:OPUSDT": {
      "RSI14": 21.92,