{
  "generated_at_brt": "2025-10-24T20:31:54-03:00",
  "eq": {
    "NYSEARCA:VUG": {
      "RSI14": 61.29,
      "ATR14": 3.680648,
      "BB_MA20": 481.422998,
      "BB_LOWER": 472.574472,
      "CLOSE": 489.6199951171875
    },
    "NYSEARCA:IVW": {
      "RSI14": 60.82,
      "ATR14": 0.866686,
      "BB_MA20": 120.892501,
      "BB_LOWER": 119.003557,
      "CLOSE": 122.66999816894531
    },
    "NYSEARCA:IUSG": {
      "RSI14": 61.13,
      "ATR14": 1.18877,
      "BB_MA20": 164.809501,
      "BB_LOWER": 162.199535,
      "CLOSE": 167.38999938964844
    }
  },
  "cr": {
    "BINANCE:BTCUSDT": {
      "RSI14": 50.37,
      "ATR14": 1807.861975,
      "BB_MA20": 113490.872,
      "BB_LOWER": 101661.587714,
      "CLOSE": 111110.99
    },
    "BINANCE:ETHUSDT": {
      "RSI14": 55.11,
      "ATR14": 114.758981,
      "BB_MA20": 4083.413,
      "BB_LOWER": 3530.822407,
      "CLOSE": 3935.67
    },
    "BINANCE:SOLUSDT": {
      "RSI14": 57.63,
      "ATR14": 7.816998,
      "BB_MA20": 199.075,
      "BB_LOWER": 164.527636,
      "CLOSE": 193.61
    }
  },
  "errors": []
}