{
  "generated_at_brt": "2025-10-22T15:40:27-03:00",
  "eq": {
    "NYSEARCA:VUG": {
      "RSI14": 51.98,
      "ATR14": 3.723974,
      "BB_MA20": 480.083926,
      "BB_LOWER": 471.481756,
      "CLOSE": 479.0703125
    },
    "NYSEARCA:IVW": {
      "RSI14": 50.96,
      "ATR14": 0.86713,
      "BB_MA20": 120.612001,
      "BB_LOWER": 118.739937,
      "CLOSE": 120.04000091552734
    },
    "NYSEARCA:IUSG": {
      "RSI14": 50.61,
      "ATR14": 1.17914,
      "BB_MA20": 164.42445,
      "BB_LOWER": 161.883932,
      "CLOSE": 163.56900024414062
    },
    "NYSEARCA:SGOV": {
      "RSI14": 97.37,
      "ATR14": 0.016186,
      "BB_MA20": 100.462399,
      "BB_LOWER": 100.282683,
      "CLOSE": 100.60579681396484
    },
    "NASDAQ:QQQM": {
      "RSI14": 53.2,
      "ATR14": 1.969309,
      "BB_MA20": 248.160501,
      "BB_LOWER": 243.332231,
      "CLOSE": 248.13999938964844
    },
    "NASDAQ:SOXX": {
      "RSI14": 52.51,
      "ATR14": 4.964265,
      "BB_MA20": 281.643498,
      "BB_LOWER": 265.340007,
      "CLOSE": 280.7799987792969
    },
    "NASDAQ:NVDA": {
      "RSI14": 45.58,
      "ATR14": 2.794882,
      "BB_MA20": 183.932501,
      "BB_LOWER": 175.719982,
      "CLOSE": 178.16000366210938
    },
    "NASDAQ:AVGO": {
      "RSI14": 48.8,
      "ATR14": 6.639194,
      "BB_MA20": 340.496748,
      "BB_LOWER": 323.313957,
      "CLOSE": 336.9649963378906
    },
    "NYSE:TSM": {
      "RSI14": 51.63,
      "ATR14": 6.518252,
      "BB_MA20": 291.5215,
      "BB_LOWER": 271.470581,
      "CLOSE": 286.9599914550781
    },
    "NYSE:PLTR": {
      "RSI14": 46.19,
      "ATR14": 3.327386,
      "BB_MA20": 179.916624,
      "BB_LOWER": 172.561579,
      "CLOSE": 173.1824951171875
    },
    "NYSE:VST": {
      "RSI14": 39.07,
      "ATR14": 5.132794,
      "BB_MA20": 201.2785,
      "BB_LOWER": 187.117541,
      "CLOSE": 184.86000061035156
    },
    "NYSEARCA:ARGT": {
      "RSI14": 43.86,
      "ATR14": 1.277258,
      "BB_MA20": 70.95525,
      "BB_LOWER": 66.997758,
      "CLOSE": 69.90499877929688
    },
    "NYSEARCA:SPY": {
      "RSI14": 53.79,
      "ATR14": 3.878214,
      "BB_MA20": 665.93649,
      "BB_LOWER": 655.830965,
      "CLOSE": 666.0399169921875
    },
    "NYSEARCA:VOO": {
      "RSI14": 53.79,
      "ATR14": 3.541237,
      "BB_MA20": 612.218515,
      "BB_LOWER": 602.945929,
      "CLOSE": 612.280029296875
    },
    "NYSEARCA:VTI": {
      "RSI14": 52.91,
      "ATR14": 1.994063,
      "BB_MA20": 328.249583,
      "BB_LOWER": 323.274097,
      "CLOSE": 327.9700012207031
    },
    "NASDAQ:QQQ": {
      "RSI14": 53.09,
      "ATR14": 4.808385,
      "BB_MA20": 602.816641,
      "BB_LOWER": 591.084958,
      "CLOSE": 602.6428833007812
    },
    "NYSEARCA:XLK": {
      "RSI14": 53.4,
      "ATR14": 2.679775,
      "BB_MA20": 284.392502,
      "BB_LOWER": 277.195058,
      "CLOSE": 283.7300109863281
    },
    "NYSEARCA:SMH": {
      "RSI14": 53.49,
      "ATR14": 5.14775,
      "BB_MA20": 336.319496,
      "BB_LOWER": 319.430876,
      "CLOSE": 335.1499938964844
    },
    "NYSEARCA:IJR": {
      "RSI14": 51.41,
      "ATR14": 1.128873,
      "BB_MA20": 118.446,
      "BB_LOWER": 115.823279,
      "CLOSE": 118.4800033569336
    },
    "NYSEARCA:IWF": {
      "RSI14": 51.48,
      "ATR14": 3.568612,
      "BB_MA20": 468.612498,
      "BB_LOWER": 460.640309,
      "CLOSE": 466.75
    },
    "NYSEARCA:IWD": {
      "RSI14": 54.69,
      "ATR14": 1.085408,
      "BB_MA20": 203.454749,
      "BB_LOWER": 200.541771,
      "CLOSE": 204.0449981689453
    },
    "NYSEARCA:XLV": {
      "RSI14": 71.45,
      "ATR14": 0.88976,
      "BB_MA20": 142.193225,
      "BB_LOWER": 135.592692,
      "CLOSE": 146.1645050048828
    },
    "NYSEARCA:XLF": {
      "RSI14": 43.41,
      "ATR14": 0.389931,
      "BB_MA20": 53.15925,
      "BB_LOWER": 51.860703,
      "CLOSE": 52.334999084472656
    },
    "NYSEARCA:XLE": {
      "RSI14": 48.87,
      "ATR14": 0.724089,
      "BB_MA20": 88.067,
      "BB_LOWER": 84.281639,
      "CLOSE": 87.16999816894531
    },
    "NASDAQ:MSFT": {
      "RSI14": 55.57,
      "ATR14": 3.127757,
      "BB_MA20": 516.738585,
      "BB_LOWER": 506.395548,
      "CLOSE": 519.4818115234375
    },
    "NASDAQ:AAPL": {
      "RSI14": 57.56,
      "ATR14": 3.174377,
      "BB_MA20": 254.435999,
      "BB_LOWER": 245.057487,
      "CLOSE": 256.6700134277344
    },
    "NASDAQ:GOOGL": {
      "RSI14": 58.68,
      "ATR14": 2.89962,
      "BB_MA20": 246.896999,
      "BB_LOWER": 237.962316,
      "CLOSE": 251.2100067138672
    },
    "NASDAQ:AMZN": {
      "RSI14": 45.68,
      "ATR14": 3.093913,
      "BB_MA20": 219.4895,
      "BB_LOWER": 212.442445,
      "CLOSE": 217.50999450683594
    },
    "NASDAQ:META": {
      "RSI14": 49.91,
      "ATR14": 8.513733,
      "BB_MA20": 723.827502,
      "BB_LOWER": 698.863167,
      "CLOSE": 729.4400024414062
    },
    "NASDAQ:AMD": {
      "RSI14": 63.96,
      "ATR14": 6.825014,
      "BB_MA20": 204.388499,
      "BB_LOWER": 140.965056,
      "CLOSE": 227.57000732421875
    },
    "NASDAQ:LRCX": {
      "RSI14": 54.53,
      "ATR14": 3.351087,
      "BB_MA20": 139.690998,
      "BB_LOWER": 127.604645,
      "CLOSE": 138.5
    },
    "NASDAQ:ASML": {
      "RSI14": 58.87,
      "ATR14": 17.698259,
      "BB_MA20": 997.27355,
      "BB_LOWER": 934.223172,
      "CLOSE": 1004.2208862304688
    },
    "NYSE:COST": {
      "RSI14": 53.77,
      "ATR14": 8.403557,
      "BB_MA20": 929.162753,
      "BB_LOWER": 902.980037,
      "CLOSE": 945.9450073242188
    },
    "NYSE:UNH": {
      "RSI14": 58.71,
      "ATR14": 4.26915,
      "BB_MA20": 356.973749,
      "BB_LOWER": 341.687553,
      "CLOSE": 359.7349853515625
    },
    "NYSE:JPM": {
      "RSI14": 38.45,
      "ATR14": 3.442763,
      "BB_MA20": 305.454222,
      "BB_LOWER": 293.439058,
      "CLOSE": 292.1449890136719
    },
    "NYSE:BRK.B": {
      "RSI14": 45.64,
      "ATR14": 3.024695,
      "BB_MA20": 495.9405,
      "BB_LOWER": 487.614479,
      "CLOSE": 490.0400085449219
    },
    "NYSE:NVO": {
      "RSI14": 37.92,
      "ATR14": 1.040795,
      "BB_MA20": 56.95025,
      "BB_LOWER": 53.133429,
      "CLOSE": 53.07500076293945
    },
    "NYSE:LLY": {
      "RSI14": 55.67,
      "ATR14": 11.985643,
      "BB_MA20": 806.907498,
      "BB_LOWER": 725.069136,
      "CLOSE": 812.0700073242188
    }
  },
  "cr": {
    "BINANCE:BTCUSDT": {
      "RSI14": 44.92,
      "ATR14": 1901.175897,
      "BB_MA20": 114687.046,
      "BB_LOWER": 102007.996973,
      "CLOSE": 108057.09
    },
    "BINANCE:ETHUSDT": {
      "RSI14": 39.4,
      "ATR14": 105.416175,
      "BB_MA20": 4143.776,
      "BB_LOWER": 3555.843237,
      "CLOSE": 3805.24
    },
    "BINANCE:SOLUSDT": {
      "RSI14": 37.51,
      "ATR14": 6.646143,
      "BB_MA20": 202.9205,
      "BB_LOWER": 164.170098,
      "CLOSE": 181.29
    },
    "BINANCE:LINKUSDT": {
      "RSI14": 40.36,
      "ATR14": 0.787482,
      "BB_MA20": 19.4235,
      "BB_LOWER": 14.854473,
      "CLOSE": 17.25
    },
    "BINANCE:XRPUSDT": {
      "RSI14": 47.19,
      "ATR14": 0.081098,
      "BB_MA20": 2.59847,
      "BB_LOWER": 2.086513,
      "CLOSE": 2.3801
    },
    "BINANCE:FETUSDT": {
      "RSI14": 22.75,
      "ATR14": 0.021373,
      "BB_MA20": 0.39288,
      "BB_LOWER": 0.126894,
      "CLOSE": 0.237
    },
    "BINANCE:ADAUSDT": {
      "RSI14": 37.55,
      "ATR14": 0.024597,
      "BB_MA20": 0.722045,
      "BB_LOWER": 0.538821,
      "CLOSE": 0.6288
    },
    "BINANCE:DOTUSDT": {
      "RSI14": 36.14,
      "ATR14": 0.125806,
      "BB_MA20": 3.4639,
      "BB_LOWER": 2.343698,
      "CLOSE": 2.947
    },
    "BINANCE:ATOMUSDT": {
      "RSI14": 36.93,
      "ATR14": 0.122605,
      "BB_MA20": 3.57805,
      "BB_LOWER": 2.673096,
      "CLOSE": 3.137
    },
    "BINANCE:ARBUSDT": {
      "RSI14": 33.86,
      "ATR14": 0.014449,
      "BB_MA20": 0.359635,
      "BB_LOWER": 0.244155,
      "CLOSE": 0.3049
    },
    "BINANCE:OPUSDT": {
      "RSI14": 28.67,