{
  "generated_at_brt": "2025-10-17T17:16:51-03:00",
  "eq": {
    "NYSEARCA:VUG": {
      "RSI14": 53.97,
      "ATR14": 3.478732,
      "BB_MA20": 479.72,
      "BB_LOWER": 471.44022,
      "CLOSE": 478.24
    },
    "NYSEARCA:IVW": {
      "RSI14": 55.69,
      "ATR14": 0.858233,
      "BB_MA20": 120.578,
      "BB_LOWER": 118.690011,
      "CLOSE": 120.4
    },
    "NYSEARCA:IUSG": {
      "RSI14": 55.0,
      "ATR14": 1.146203,
      "BB_MA20": 164.39022,
      "BB_LOWER": 161.833095,
      "CLOSE": 164.1
    },
    "NYSEARCA:SGOV": {
      "RSI14": 58.11,
      "ATR14": 0.02439,
      "BB_MA20": 100.538,
      "BB_LOWER": 100.324122,
      "CLOSE": 100.57
    },
    "NASDAQ:QQQM": {
      "RSI14": 57.66,
      "ATR14": 1.803411,
      "BB_MA20": 247.558,
      "BB_LOWER": 243.192679,
      "CLOSE": 248.61
    },
    "NASDAQ:SOXX": {
      "RSI14": 61.46,
      "ATR14": 4.478865,
      "BB_MA20": 278.8115,
      "BB_LOWER": 262.13895,
      "CLOSE": 288.17
    },
    "NASDAQ:NVDA": {
      "RSI14": 57.05,
      "ATR14": 3.075049,
      "BB_MA20": 183.785,
      "BB_LOWER": 175.148205,
      "CLOSE": 183.22
    },
    "NASDAQ:AVGO": {
      "RSI14": 45.87,
      "ATR14": 7.527715,
      "BB_MA20": 339.9055,
      "BB_LOWER": 323.277823,
      "CLOSE": 349.33
    },
    "NYSE:TSM": {
      "RSI14": 59.21,
      "ATR14": 6.986043,
      "BB_MA20": 289.3655,
      "BB_LOWER": 267.453231,
      "CLOSE": 295.08
    },
    "NYSE:PLTR": {
      "RSI14": 62.65,
      "ATR14": 3.492023,
      "BB_MA20": 180.1765,
      "BB_LOWER": 173.457696,
      "CLOSE": 178.19
    }
  },
  "cr": {
    "BINANCE:BTCUSDT": {
      "RSI14": 31.13,
      "ATR14": 2149.922586,
      "BB_MA20": 116547.1885,
      "BB_LOWER": 105668.848052,
      "CLOSE": 106699.99
    },
    "BINANCE:ETHUSDT": {
      "RSI14": 34.64,
      "ATR14": 138.852739,
      "BB_MA20": 4234.632,
      "BB_LOWER": 3703.008912,
      "CLOSE": 3843.23
    },
    "BINANCE:SOLUSDT": {
      "RSI14": 32.38,
      "ATR14": 9.265342,
      "BB_MA20": 210.8015,
      "BB_LOWER": 175.007596,
      "CLOSE": 182.59
    },
    "BINANCE:LINKUSDT": {
      "RSI14": 27.25,
      "ATR14": 0.988998,
      "BB_MA20": 20.5375,
      "BB_LOWER": 16.162526,
      "CLOSE": 16.45
    },
    "BINANCE:XRPUSDT": {
      "RSI14": 25.68,
      "ATR14": 0.083487,
      "BB_MA20": 2.725865,
      "BB_LOWER": 2.212472,
      "CLOSE": 2.3073
    },
    "BINANCE:FETUSDT": {
      "RSI14": 13.85,
      "ATR14": 0.026018,
      "BB_MA20": 0.47282,
      "BB_LOWER": 0.222443,
      "CLOSE": 0.268
    },
    "BINANCE:ADAUSDT": {
      "RSI14": 27.56,
      "ATR14": 0.0331,
      "BB_MA20": 0.76828,
      "BB_LOWER": 0.592757,
      "CLOSE": 0.6271
    },
    "BINANCE:DOTUSDT": {
      "RSI14": 26.2,
      "ATR14": 0.172313,
      "BB_MA20": 3.73195,
      "BB_LOWER": 2.673826,
      "CLOSE": 2.915
    },
    "BINANCE:ATOMUSDT": {
      "RSI14": 28.89,
      "ATR14": 0.176785,
      "BB_MA20": 3.8207,
      "BB_LOWER": 2.930176,
      "CLOSE": 3.169
    },
    "BINANCE:ARBUSDT": {
      "RSI14": 25.1,
      "ATR14": 0.022336,
      "BB_MA20": 0.3893,
      "BB_LOWER": 0.275768,
      "CLOSE": 0.3044
    },
    "BINANCE:OPUSDT": {
      "RSI14": 20.63,
      "ATR14": 0.033442,
      "BB_MA20": 0.615565,
      "BB_LOWER": 0.36578,
      "CLOSE": 0.4207
    },
    "BINANCE:AAVEUSDT": {
      "RSI14": 26.93,
      "ATR14": 12.614982,
      "BB_MA20": 264.528,
      "BB_LOWER": 213.095708,
      "CLOSE": 204.73
    },
    "BINANCE:UNIUSDT": {
      "RSI14": 28.94,
      "ATR14": 0.365359,
      "BB_MA20": 7.3501,
      "BB_LOWER": 5.662544,
      "CLOSE": 6.16
    },
    "BINANCE:LTCUSDT": {
      "RSI14": 27.91,
      "ATR14": 3.753958,
      "BB_MA20": 107.963,
      "BB_LOWER": 85.392906,
      "CLOSE": 91.18
    },
    "BINANCE:TRXUSDT": {
      "RSI14": 25.02,
      "ATR14": 0.00503,
      "BB_MA20": 0.330875,
      "BB_LOWER": 0.307865,
      "CLOSE": 0.3085
    },
    "BINANCE:TONUSDT": {
      "RSI14": 27.15,
      "ATR14": 0.087764,
      "BB_MA20": 2.5485,
      "BB_LOWER": 1.963181,
      "CLOSE": 2.13
    },
    "BINANCE:NEARUSDT": {
      "RSI14": 28.84,
      "ATR14": 0.113595,
      "BB_MA20": 2.6844,
      "BB_LOWER": 2.098831,
      "CLOSE": 2.151
    },
    "BINANCE:INJUSDT": {
      "RSI14": 23.76,
      "ATR14": 0.614588,
      "BB_MA20": 11.134,
      "BB_LOWER": 7.53527,
      "CLOSE": 8.33
    }
  },
  "errors": []
}