{
  "generated_at_brt": "2025-10-23T19:58:12-03:00",
  "eq": {
    "NYSEARCA:VUG": {
      "RSI14": 57.46,
      "ATR14": 3.607656,
      "BB_MA20": 480.738147,
      "BB_LOWER": 472.429584,
      "CLOSE": 484.9599914550781
    },
    "NYSEARCA:IVW": {
      "RSI14": 56.53,
      "ATR14": 0.841383,
      "BB_MA20": 120.746501,
      "BB_LOWER": 118.982413,
      "CLOSE": 121.44999694824219
    },
    "NYSEARCA:IUSG": {
      "RSI14": 56.48,
      "ATR14": 1.143493,
      "BB_MA20": 164.608501,
      "BB_LOWER": 162.214141,
      "CLOSE": 165.57000732421875
    },
    "NYSEARCA:SGOV": {
      "RSI14": 97.55,
      "ATR14": 0.016109,
      "BB_MA20": 100.477952,
      "BB_LOWER": 100.298823,
      "CLOSE": 100.62000274658203
    },
    "NASDAQ:QQQM": {
      "RSI14": 58.92,
      "ATR14": 1.902498,
      "BB_MA20": 248.569501,
      "BB_LOWER": 243.875233,
      "CLOSE": 251.38999938964844
    },
    "NASDAQ:SOXX": {
      "RSI14": 59.86,
      "ATR14": 4.870394,
      "BB_MA20": 282.951999,
      "BB_LOWER": 267.400606,
      "CLOSE": 291.05999755859375
    },
    "NASDAQ:NVDA": {
      "RSI14": 50.22,
      "ATR14": 2.558831,
      "BB_MA20": 184.262001,
      "BB_LOWER": 176.788742,
      "CLOSE": 182.16000366210938
    },
    "NASDAQ:AVGO": {
      "RSI14": 52.64,
      "ATR14": 6.197243,
      "BB_MA20": 341.072998,
      "BB_LOWER": 324.030561,
      "CLOSE": 344.2900085449219
    },
    "NYSE:TSM": {
      "RSI14": 53.68,
      "ATR14": 6.04516,
      "BB_MA20": 292.321001,
      "BB_LOWER": 273.541517,
      "CLOSE": 290.7300109863281
    },
    "NYSE:PLTR": {
      "RSI14": 54.01,
      "ATR14": 3.282296,
      "BB_MA20": 180.1,
      "BB_LOWER": 173.118021,
      "CLOSE": 180.47999572753906
    },
    "NYSE:VST": {
      "RSI14": 43.02,
      "ATR14": 5.041148,
      "BB_MA20": 200.8145,
      "BB_LOWER": 186.216495,
      "CLOSE": 191.3699951171875
    },
    "NYSEARCA:ARGT": {
      "RSI14": 54.43,
      "ATR14": 1.375931,
      "BB_MA20": 70.977,
      "BB_LOWER": 67.081476,
      "CLOSE": 73.87999725341797
    },
    "NYSEARCA:SPY": {
      "RSI14": 58.71,
      "ATR14": 3.747308,
      "BB_MA20": 666.709995,
      "BB_LOWER": 656.975311,
      "CLOSE": 671.760009765625
    },
    "NYSEARCA:VOO": {
      "RSI14": 58.66,
      "ATR14": 3.404359,
      "BB_MA20": 612.932001,
      "BB_LOWER": 604.033614,
      "CLOSE": 617.4400024414062
    },
    "NYSEARCA:VTI": {
      "RSI14": 58.06,
      "ATR14": 1.931614,
      "BB_MA20": 328.63465,
      "BB_LOWER": 323.887245,
      "CLOSE": 331.010009765625
    },
    "NASDAQ:QQQ": {
      "RSI14": 58.84,
      "ATR14": 4.630065,
      "BB_MA20": 603.811496,
      "BB_LOWER": 592.414016,
      "CLOSE": 610.5800170898438
    },
    "NYSEARCA:XLK": {
      "RSI14": 60.22,
      "ATR14": 2.62135,
      "BB_MA20": 285.035001,
      "BB_LOWER": 278.212569,
      "CLOSE": 289.0899963378906
    },
    "NYSEARCA:SMH": {
      "RSI14": 59.94,
      "ATR14": 4.98601,
      "BB_MA20": 337.678996,
      "BB_LOWER": 321.981467,
      "CLOSE": 344.79998779296875
    },
    "NYSEARCA:IJR": {
      "RSI14": 56.29,
      "ATR14": 1.097351,
      "BB_MA20": 118.606499,
      "BB_LOWER": 115.941749,
      "CLOSE": 120.08999633789062
    },
    "NYSEARCA:IWF": {
      "RSI14": 57.42,
      "ATR14": 3.464588,
      "BB_MA20": 469.215498,
      "BB_LOWER": 461.564077,
      "CLOSE": 472.92999267578125
    },
    "NYSEARCA:IWD": {
      "RSI14": 57.75,
      "ATR14": 1.050866,
      "BB_MA20": 203.653999,
      "BB_LOWER": 200.830042,
      "CLOSE": 205.08999633789062
    },
    "NYSEARCA:XLV": {
      "RSI14": 70.64,
      "ATR14": 0.802217,
      "BB_MA20": 142.7785,
      "BB_LOWER": 137.13609,
      "CLOSE": 146.0399932861328
    },
    "NYSEARCA:XLF": {
      "RSI14": 45.36,
      "ATR14": 0.363442,
      "BB_MA20": 53.1175,
      "BB_LOWER": 51.810934,
      "CLOSE": 52.540000915527344
    },
    "NYSEARCA:XLE": {
      "RSI14": 56.09,
      "ATR14": 0.789444,
      "BB_MA20": 87.9895,
      "BB_LOWER": 84.465246,
      "CLOSE": 88.97000122070312
    },
    "NASDAQ:MSFT": {
      "RSI14": 56.88,
      "ATR14": 2.992619,
      "BB_MA20": 517.467993,
      "BB_LOWER": 507.965118,
      "CLOSE": 520.5599975585938
    },
    "NASDAQ:AAPL": {
      "RSI14": 61.14,
      "ATR14": 2.909069,
      "BB_MA20": 254.660499,
      "BB_LOWER": 244.960682,
      "CLOSE": 259.5799865722656
    },
    "NASDAQ:GOOGL": {
      "RSI14": 60.9,
      "ATR14": 2.822239,
      "BB_MA20": 247.2855,
      "BB_LOWER": 237.931366,
      "CLOSE": 253.0800018310547
    },
    "NASDAQ:AMZN": {
      "RSI14": 49.83,
      "ATR14": 3.065818,
      "BB_MA20": 219.6585,
      "BB_LOWER": 212.63066,
      "CLOSE": 221.08999633789062
    },
    "NASDAQ:META": {
      "RSI14": 51.31,
      "ATR14": 7.649796,
      "BB_MA20": 723.280502,
      "BB_LOWER": 700.281464,
      "CLOSE": 734.0
    },
    "NASDAQ:AMD": {
      "RSI14": 67.6,
      "ATR14": 6.505032,
      "BB_MA20": 208.207499,
      "BB_LOWER": 146.516951,
      "CLOSE": 234.99000549316406
    },
    "NASDAQ:LRCX": {
      "RSI14": 63.48,
      "ATR14": 3.380555,
      "BB_MA20": 140.798997,
      "BB_LOWER": 129.531269,
      "CLOSE": 147.5399932861328
    },
    "NASDAQ:ASML": {
      "RSI14": 63.98,
      "ATR14": 17.743677,
      "BB_MA20": 1001.984009,
      "BB_LOWER": 940.594707,
      "CLOSE": 1036.4100341796875
    },
    "NYSE:COST": {
      "RSI14": 52.14,
      "ATR14": 7.913888,
      "BB_MA20": 929.036502,
      "BB_LOWER": 903.142752,
      "CLOSE": 942.0499877929688
    },
    "NYSE:UNH": {
      "RSI14": 59.08,
      "ATR14": 3.875613,
      "BB_MA20": 357.806,
      "BB_LOWER": 343.321051,
      "CLOSE": 360.45001220703125
    },
    "NYSE:JPM": {
      "RSI14": 40.19,
      "ATR14": 3.072139,
      "BB_MA20": 304.682799,
      "BB_LOWER": 292.528669,
      "CLOSE": 294.5400085449219
    },
    "NYSE:BRK.B": {
      "RSI14": 45.64,
      "ATR14": 2.870646,
      "BB_MA20": 495.789,
      "BB_LOWER": 487.293682,
      "CLOSE": 490.1600036621094
    },
    "NYSE:NVO": {
      "RSI14": 37.1,
      "ATR14": 0.938658,
      "BB_MA20": 56.825,
      "BB_LOWER": 52.744125,
      "CLOSE": 53.22999954223633
    },
    "NYSE:LLY": {
      "RSI14": 57.63,
      "ATR14": 11.646218,
      "BB_MA20": 812.247995,
      "BB_LOWER": 742.107811,
      "CLOSE": 821.0399780273438
    }
  },
  "cr": {
    "BINANCE:BTCUSDT": {
      "RSI14": 34.97,
      "ATR14": 2318.477386,
      "BB_MA20": 114048.5905,
      "BB_LOWER": 101656.168607,
      "CLOSE": 109952.54
    },
    "BINANCE:ETHUSDT": {
      "RSI14": 31.63,
      "ATR14": 132.279088,
      "BB_MA20": 4110.722,
      "BB_LOWER": 3535.31398,
      "CLOSE": 3851.5
    },
    "BINANCE:SOLUSDT": {
      "RSI14": 33.96,
      "ATR14": 8.986769,
      "BB_MA20": 200.742,
      "BB_LOWER": 164.066064,
      "CLOSE": 190.44
    },
    "BINANCE:LINKUSDT": {
      "RSI14": 32.82,
      "ATR14": 0.90758,
      "BB_MA20": 19.1645,
      "BB_LOWER": 14.737079,
      "CLOSE": 17.37
    },
    "BINANCE:XRPUSDT": {
      "RSI14": 29.53,
      "ATR14": 0.088029,
      "BB_MA20": 2.565495,
      "BB_LOWER": 2.087651,
      "CLOSE": 2.396
    },
    "BINANCE:FETUSDT": {
      "RSI14": 20.44,
      "ATR14": 0.023879,
      "BB_MA20": 0.375495,
      "BB_LOWER": 0.120162,
      "CLOSE": 0.2511
    },
    "BINANCE:ADAUSDT": {
      "RSI14": 30.78,
      "ATR14": 0.029339,
      "BB_MA20": 0.710575,
      "BB_LOWER": 0.53613,
      "CLOSE": 0.6411
    },
    "BINANCE:DOTUSDT": {
      "RSI14": 30.95,
      "ATR14": 0.142559,
      "BB_MA20": 3.3958,
      "BB_LOWER": 2.32745,
      "CLOSE": 2.987
    },
    "BINANCE:ATOMUSDT": {
      "RSI14": 32.72,
      "ATR14": 0.133423,
      "BB_MA20": 3.52195,
      "BB_LOWER": 2.659176,
      "CLOSE": 3.179
    },
    "BINANCE:ARBUSDT": {
      "RSI14": 32.36,
      "ATR14": 0.016706,
      "BB_MA20": 0.352615,
      "BB_LOWER": 0.242986,
      "CLOSE": 0.3133
    },
    "BINANCE:OPUSDT": {
      "RSI14": 25.67,