{
  "generated_at_brt": "2025-10-17T17:22:43-03:00",
  "eq": {},
  "cr": {
    "BINANCE:BTCUSDT": {
      "RSI14": 31.21,
      "ATR14": 2144.516158,
      "BB_MA20": 116550.973,
      "BB_LOWER": 105686.294191,
      "CLOSE": 106775.68
    },
    "BINANCE:ETHUSDT": {
      "RSI14": 34.77,
      "ATR14": 138.32631,
      "BB_MA20": 4235.0005,
      "BB_LOWER": 3704.454013,
      "CLOSE": 3850.6
    },
    "BINANCE:SOLUSDT": {
      "RSI14": 32.41,
      "ATR14": 9.256056,
      "BB_MA20": 210.808,
      "BB_LOWER": 175.03455,
      "CLOSE": 182.72
    },
    "BINANCE:LINKUSDT": {
      "RSI14": 27.29,
      "ATR14": 0.98757,
      "BB_MA20": 20.5385,
      "BB_LOWER": 16.167256,
      "CLOSE": 16.47
    },
    "BINANCE:XRPUSDT": {
      "RSI14": 25.73,
      "ATR14": 0.083308,
      "BB_MA20": 2.72599,
      "BB_LOWER": 2.213003,
      "CLOSE": 2.3098
    },
    "BINANCE:FETUSDT": {
      "RSI14": 13.87,
      "ATR14": 0.025975,
      "BB_MA20": 0.47285,
      "BB_LOWER": 0.222571,
      "CLOSE": 0.2686
    },
    "BINANCE:ADAUSDT": {
      "RSI14": 27.61,
      "ATR14": 0.033043,
      "BB_MA20": 0.76832,
      "BB_LOWER": 0.592925,
      "CLOSE": 0.6279
    },
    "BINANCE:DOTUSDT": {
      "RSI14": 26.26,
      "ATR14": 0.171884,
      "BB_MA20": 3.73225,
      "BB_LOWER": 2.67505,
      "CLOSE": 2.921
    },
    "BINANCE:ATOMUSDT": {
      "RSI14": 28.97,
      "ATR14": 0.176285,
      "BB_MA20": 3.82105,
      "BB_LOWER": 2.931546,
      "CLOSE": 3.176
    },
    "BINANCE:ARBUSDT": {
      "RSI14": 25.14,
      "ATR14": 0.022293,
      "BB_MA20": 0.38933,
      "BB_LOWER": 0.275888,
      "CLOSE": 0.305
    },
    "BINANCE:OPUSDT": {
      "RSI14": 20.66,
      "ATR14": 0.033392,
      "BB_MA20": 0.6156,
      "BB_LOWER": 0.365924,
      "CLOSE": 0.4214
    },
    "BINANCE:AAVEUSDT": {
      "RSI14": 27.05,
      "ATR14": 12.557839,
      "BB_MA20": 264.568,
      "BB_LOWER": 213.320884,
      "CLOSE": 205.53
    },
    "BINANCE:UNIUSDT": {
      "RSI14": 29.0,
      "ATR14": 0.364573,
      "BB_MA20": 7.35065,
      "BB_LOWER": 5.664639,
      "CLOSE": 6.171
    },
    "BINANCE:LTCUSDT": {
      "RSI14": 27.96,
      "ATR14": 3.746815,
      "BB_MA20": 107.968,
      "BB_LOWER": 85.412741,
      "CLOSE": 91.28
    },
    "BINANCE:TRXUSDT": {
      "RSI14": 25.02,
      "ATR14": 0.00503,
      "BB_MA20": 0.330875,
      "BB_LOWER": 0.307865,
      "CLOSE": 0.3085
    },
    "BINANCE:TONUSDT": {
      "RSI14": 27.23,
      "ATR14": 0.087478,
      "BB_MA20": 2.5487,
      "BB_LOWER": 1.963951,
      "CLOSE": 2.134
    },
    "BINANCE:NEARUSDT": {
      "RSI14": 28.9,
      "ATR14": 0.11338,
      "BB_MA20": 2.68455,
      "BB_LOWER": 2.099526,
      "CLOSE": 2.154
    },
    "BINANCE:INJUSDT": {
      "RSI14": 23.82,
      "ATR14": 0.61316,
      "BB_MA20": 11.135,
      "BB_LOWER": 7.539378,
      "CLOSE": 8.35
    }
  },
  "errors": []
}