{
  "generated_at_brt": "2025-10-23T15:08:03-03:00",
  "eq": {
    "NYSEARCA:VUG": {
      "RSI14": 57.72,
      "ATR14": 3.629802,
      "BB_MA20": 480.754198,
      "BB_LOWER": 472.411901,
      "CLOSE": 485.281005859375
    },
    "NYSEARCA:IVW": {
      "RSI14": 56.6,
      "ATR14": 0.842717,
      "BB_MA20": 120.749506,
      "BB_LOWER": 118.980437,
      "CLOSE": 121.51010131835938
    },
    "NYSEARCA:IUSG": {
      "RSI14": 56.74,
      "ATR14": 1.150223,
      "BB_MA20": 164.6165,
      "BB_LOWER": 162.208315,
      "CLOSE": 165.72999572753906
    },
    "NYSEARCA:SGOV": {
      "RSI14": 97.51,
      "ATR14": 0.015844,
      "BB_MA20": 100.477827,
      "BB_LOWER": 100.299092,
      "CLOSE": 100.61750030517578
    },
    "NASDAQ:QQQM": {
      "RSI14": 59.07,
      "ATR14": 1.909476,
      "BB_MA20": 248.574751,
      "BB_LOWER": 243.86766,
      "CLOSE": 251.4949951171875
    },
    "NASDAQ:SOXX": {
      "RSI14": 59.68,
      "ATR14": 4.85921,
      "BB_MA20": 282.941249,
      "BB_LOWER": 267.412008,
      "CLOSE": 290.8450012207031
    },
    "NASDAQ:NVDA": {
      "RSI14": 50.96,
      "ATR14": 2.592886,
      "BB_MA20": 184.26925,
      "BB_LOWER": 176.803885,
      "CLOSE": 182.30499267578125
    },
    "NASDAQ:AVGO": {
      "RSI14": 52.74,
      "ATR14": 6.210623,
      "BB_MA20": 341.060748,
      "BB_LOWER": 324.027228,
      "CLOSE": 344.0450134277344
    },
    "NYSE:TSM": {
      "RSI14": 54.26,
      "ATR14": 6.122442,
      "BB_MA20": 292.39175,
      "BB_LOWER": 273.626118,
      "CLOSE": 292.1449890136719
    },
    "NYSE:PLTR": {
      "RSI14": 53.89,
      "ATR14": 3.273799,
      "BB_MA20": 180.11668,
      "BB_LOWER": 173.129557,
      "CLOSE": 180.8135986328125
    },
    "NYSE:VST": {
      "RSI14": 43.23,
      "ATR14": 5.056899,
      "BB_MA20": 200.826501,
      "BB_LOWER": 186.259208,
      "CLOSE": 191.61000061035156
    },
    "NYSEARCA:ARGT": {
      "RSI14": 54.99,
      "ATR14": 1.393214,
      "BB_MA20": 70.988,
      "BB_LOWER": 67.058653,
      "CLOSE": 74.0999984741211
    },
    "NYSEARCA:SPY": {
      "RSI14": 58.82,
      "ATR14": 3.757631,
      "BB_MA20": 666.732245,
      "BB_LOWER": 656.949576,
      "CLOSE": 672.2050170898438
    },
    "NYSEARCA:VOO": {
      "RSI14": 58.99,
      "ATR14": 3.431915,
      "BB_MA20": 612.962967,
      "BB_LOWER": 603.997984,
      "CLOSE": 618.059326171875
    },
    "NYSEARCA:VTI": {
      "RSI14": 58.26,
      "ATR14": 1.943347,
      "BB_MA20": 328.650648,
      "BB_LOWER": 323.869296,
      "CLOSE": 331.3299865722656
    },
    "NASDAQ:QQQ": {
      "RSI14": 58.97,
      "ATR14": 4.644385,
      "BB_MA20": 603.822495,
      "BB_LOWER": 592.398516,
      "CLOSE": 610.7999877929688
    },
    "NYSEARCA:XLK": {
      "RSI14": 60.33,
      "ATR14": 2.628559,
      "BB_MA20": 285.037001,
      "BB_LOWER": 278.209793,
      "CLOSE": 289.1300048828125
    },
    "NYSEARCA:SMH": {
      "RSI14": 60.1,
      "ATR14": 4.998321,
      "BB_MA20": 337.682246,
      "BB_LOWER": 321.978795,
      "CLOSE": 344.864990234375
    },
    "NYSEARCA:IJR": {
      "RSI14": 55.77,
      "ATR14": 1.120258,
      "BB_MA20": 118.615,
      "BB_LOWER": 115.930364,
      "CLOSE": 120.26000213623047
    },
    "NYSEARCA:IWF": {
      "RSI14": 57.58,
      "ATR14": 3.477257,
      "BB_MA20": 469.229059,
      "BB_LOWER": 461.55044,
      "CLOSE": 473.2012023925781
    },
    "NYSEARCA:IWD": {
      "RSI14": 57.59,
      "ATR14": 1.061433,
      "BB_MA20": 203.661699,
      "BB_LOWER": 200.821329,
      "CLOSE": 205.24400329589844
    },
    "NYSEARCA:XLV": {
      "RSI14": 70.15,
      "ATR14": 0.803967,
      "BB_MA20": 142.781,
      "BB_LOWER": 137.13277,
      "CLOSE": 146.08999633789062
    },
    "NYSEARCA:XLF": {
      "RSI14": 46.07,
      "ATR14": 0.368704,
      "BB_MA20": 53.12325,
      "BB_LOWER": 51.82592,
      "CLOSE": 52.654998779296875
    },
    "NYSEARCA:XLE": {
      "RSI14": 57.81,
      "ATR14": 0.814806,
      "BB_MA20": 88.0055,
      "BB_LOWER": 84.460739,
      "CLOSE": 89.29000091552734
    },
    "NASDAQ:MSFT": {
      "RSI14": 59.41,
      "ATR14": 3.179085,
      "BB_MA20": 517.585245,
      "BB_LOWER": 507.87701,
      "CLOSE": 522.905029296875
    },
    "NASDAQ:AAPL": {
      "RSI14": 61.74,
      "ATR14": 2.96392,
      "BB_MA20": 254.69725,
      "BB_LOWER": 244.917911,
      "CLOSE": 260.31500244140625
    },
    "NASDAQ:GOOGL": {
      "RSI14": 62.09,
      "ATR14": 2.91105,
      "BB_MA20": 247.342,
      "BB_LOWER": 237.83613,
      "CLOSE": 254.2100067138672
    },
    "NASDAQ:AMZN": {
      "RSI14": 49.76,
      "ATR14": 3.048266,
      "BB_MA20": 219.627,
      "BB_LOWER": 212.61949,
      "CLOSE": 220.4600067138672
    },
    "NASDAQ:META": {
      "RSI14": 52.56,
      "ATR14": 7.812675,
      "BB_MA20": 723.400003,
      "BB_LOWER": 700.155886,
      "CLOSE": 736.3900146484375
    },
    "NASDAQ:AMD": {
      "RSI14": 67.4,
      "ATR14": 6.466364,
      "BB_MA20": 208.185799,
      "BB_LOWER": 146.532656,
      "CLOSE": 234.55599975585938
    },
    "NASDAQ:LRCX": {
      "RSI14": 63.72,
      "ATR14": 3.38398,
      "BB_MA20": 140.802248,
      "BB_LOWER": 129.526709,
      "CLOSE": 147.60499572753906
    },
    "NASDAQ:ASML": {
      "RSI14": 64.3,
      "ATR14": 17.569312,
      "BB_MA20": 1001.896509,
      "BB_LOWER": 940.699041,
      "CLOSE": 1034.6600341796875
    },
    "NYSE:COST": {
      "RSI14": 51.2,
      "ATR14": 8.031787,
      "BB_MA20": 928.988751,
      "BB_LOWER": 903.187815,
      "CLOSE": 941.094970703125
    },
    "NYSE:UNH": {
      "RSI14": 58.24,
      "ATR14": 3.908329,
      "BB_MA20": 357.863499,
      "BB_LOWER": 343.327982,
      "CLOSE": 361.6000061035156
    },
    "NYSE:JPM": {
      "RSI14": 40.25,
      "ATR14": 3.077796,
      "BB_MA20": 304.698048,
      "BB_LOWER": 292.594199,
      "CLOSE": 294.8450012207031
    },
    "NYSE:BRK.B": {
      "RSI14": 46.02,
      "ATR14": 2.780898,
      "BB_MA20": 495.84304,
      "BB_LOWER": 487.478902,
      "CLOSE": 491.2408142089844
    },
    "NYSE:NVO": {
      "RSI14": 36.98,
      "ATR14": 0.93517,
      "BB_MA20": 56.825795,
      "BB_LOWER": 52.747716,
      "CLOSE": 53.24589920043945
    },
    "NYSE:LLY": {
      "RSI14": 57.56,
      "ATR14": 11.626743,
      "BB_MA20": 812.238745,
      "BB_LOWER": 742.103153,
      "CLOSE": 820.85498046875
    }
  },
  "cr": {
    "BINANCE:BTCUSDT": {
      "RSI14": 37.05,
      "ATR14": 2394.983814,
      "BB_MA20": 114102.145,
      "BB_LOWER": 101771.889557,
      "CLOSE": 111023.63
    },
    "BINANCE:ETHUSDT": {
      "RSI14": 33.48,
      "ATR14": 135.943374,
      "BB_MA20": 4113.287,
      "BB_LOWER": 3542.08198,
      "CLOSE": 3902.8
    },
    "BINANCE:SOLUSDT": {
      "RSI14": 34.77,
      "ATR14": 9.098198,
      "BB_MA20": 200.82,
      "BB_LOWER": 164.225489,
      "CLOSE": 192.0
    },
    "BINANCE:LINKUSDT": {
      "RSI14": 34.22,
      "ATR14": 0.926866,
      "BB_MA20": 19.178,
      "BB_LOWER": 14.770948,
      "CLOSE": 17.64
    },
    "BINANCE:XRPUSDT": {
      "RSI14": 30.55,
      "ATR14": 0.089322,
      "BB_MA20": 2.5664,
      "BB_LOWER": 2.089776,
      "CLOSE": 2.4141
    },
    "BINANCE:FETUSDT": {
      "RSI14": 20.53,
      "ATR14": 0.023907,
      "BB_MA20": 0.375515,
      "BB_LOWER": 0.120221,
      "CLOSE": 0.2515
    },
    "BINANCE:ADAUSDT": {
      "RSI14": 32.36,
      "ATR14": 0.030025,
      "BB_MA20": 0.711055,
      "BB_LOWER": 0.537326,
      "CLOSE": 0.6507
    },
    "BINANCE:DOTUSDT": {
      "RSI14": 32.14,
      "ATR14": 0.145059,
      "BB_MA20": 3.39755,
      "BB_LOWER": 2.331772,
      "CLOSE": 3.022
    },
    "BINANCE:ATOMUSDT": {
      "RSI14": 34.2,
      "ATR14": 0.136423,
      "BB_MA20": 3.52405,
      "BB_LOWER": 2.664426,
      "CLOSE": 3.221
    },
    "BINANCE:ARBUSDT": {
      "RSI14": 33.61,
      "ATR14": 0.017021,
      "BB_MA20": 0.352835,
      "BB_LOWER": 0.243505,
      "CLOSE": 0.3177
    },
    "BINANCE:OPUSDT": {
      "RSI14": 26.74,