{
  "generated_at_brt": "2025-10-17T16:06:41-0300",
  "eq": {
    "NYSEARCA:VUG": {
      "RSI14": 50.38,
      "ATR14": 7.09085,
      "BB_MA20": 479.7315,
      "BB_LOWER": 471.459339
    },
    "NYSEARCA:IVW": {
      "RSI14": 50.64,
      "ATR14": 1.758536,
      "BB_MA20": 120.57421,
      "BB_LOWER": 118.684503
    },
    "NYSEARCA:IUSG": {
      "RSI14": 50.06,
      "ATR14": 2.34915,
      "BB_MA20": 164.38122,
      "BB_LOWER": 161.818811
    },
    "NYSEARCA:SGOV": {
      "RSI14": 38.18,
      "ATR14": 0.042857,
      "BB_MA20": 100.538,
      "BB_LOWER": 100.324122
    },
    "NASDAQ:QQQM": {
      "RSI14": 53.65,
      "ATR14": 3.771429,
      "BB_MA20": 247.56075,
      "BB_LOWER": 243.192714
    },
    "NASDAQ:SOXX": {
      "RSI14": 60.53,
      "ATR14": 8.817371,
      "BB_MA20": 278.78225,
      "BB_LOWER": 262.173546
    },
    "NASDAQ:NVDA": {
      "RSI14": 51.8,
      "ATR14": 5.953207,
      "BB_MA20": 183.7977,
      "BB_LOWER": 175.163519
    },
    "NASDAQ:AVGO": {
      "RSI14": 60.49,
      "ATR14": 14.674414,
      "BB_MA20": 339.919,
      "BB_LOWER": 323.260328
    },
    "NYSE:TSM": {
      "RSI14": 59.99,
      "ATR14": 12.484521,
      "BB_MA20": 289.456,
      "BB_LOWER": 267.435389
    },
    "NYSE:PLTR": {
      "RSI14": 49.66,
      "ATR14": 8.244993,
      "BB_MA20": 180.192495,
      "BB_LOWER": 173.491183
    },
    "NYSE:VST": {
      "RSI14": 53.62,
      "ATR14": 9.6276,
      "BB_MA20": 204.2755,
      "BB_LOWER": 193.55719
    },
    "NYSEARCA:ARGT": {
      "RSI14": 47.44,
      "ATR14": 2.552814,
      "BB_MA20": 71.6395,
      "BB_LOWER": 66.754767
    },
    "NYSEARCA:SPY": {
      "RSI14": 50.45,
      "ATR14": 8.058971,
      "BB_MA20": 665.0525,
      "BB_LOWER": 655.35876
    },
    "NYSEARCA:VOO": {
      "RSI14": 50.63,
      "ATR14": 7.346679,
      "BB_MA20": 611.856,
      "BB_LOWER": 603.363416
    },
    "NYSEARCA:VTI": {
      "RSI14": 50.1,
      "ATR14": 4.075071,
      "BB_MA20": 328.0835,
      "BB_LOWER": 323.515147
    },
    "NASDAQ:QQQ": {
      "RSI14": 53.46,
      "ATR14": 9.196464,
      "BB_MA20": 601.3555,
      "BB_LOWER": 590.749077
    },
    "NYSEARCA:XLK": {
      "RSI14": 55.21,
      "ATR14": 5.274593,
      "BB_MA20": 283.43875,
      "BB_LOWER": 276.152641
    },
    "NYSEARCA:SMH": {
      "RSI14": 60.95,
      "ATR14": 9.532764,
      "BB_MA20": 333.1735,
      "BB_LOWER": 314.899646
    },
    "NYSEARCA:IJR": {
      "RSI14": 46.64,
      "ATR14": 2.036786,
      "BB_MA20": 118.41625,
      "BB_LOWER": 115.815241
    },
    "NYSEARCA:IWF": {
      "RSI14": 50.52,
      "ATR14": 6.949243,
      "BB_MA20": 468.29475,
      "BB_LOWER": 460.430735
    },
    "NYSEARCA:IWD": {
      "RSI14": 48.94,
      "ATR14": 2.298929,
      "BB_MA20": 203.122,
      "BB_LOWER": 200.358382
    },
    "NYSEARCA:XLV": {
      "RSI14": 74.46,
      "ATR14": 2.0577,
      "BB_MA20": 140.8805,
      "BB_LOWER": 133.89206
    },
    "NYSEARCA:XLF": {
      "RSI14": 34.36,
      "ATR14": 0.8315,
      "BB_MA20": 53.339795,
      "BB_LOWER": 52.085083
    },
    "NYSEARCA:XLE": {
      "RSI14": 28.77,
      "ATR14": 1.530357,
      "BB_MA20": 88.3895,
      "BB_LOWER": 84.59477
    },
    "NASDAQ:MSFT": {
      "RSI14": 49.79,
      "ATR14": 8.54685,
      "BB_MA20": 515.7742,
      "BB_LOWER": 504.742786
    },
    "NASDAQ:AAPL": {
      "RSI14": 46.31,
      "ATR14": 4.5985,
      "BB_MA20": 253.4885,
      "BB_LOWER": 245.819132
    },
    "NASDAQ:GOOGL": {
      "RSI14": 61.3,
      "ATR14": 5.987429,
      "BB_MA20": 246.5325,
      "BB_LOWER": 238.513498
    },
    "NASDAQ:AMZN": {
      "RSI14": 38.44,
      "ATR14": 5.547493,
      "BB_MA20": 220.1285,
      "BB_LOWER": 212.567774
    },
    "NASDAQ:META": {
      "RSI14": 40.73,
      "ATR14": 18.169964,
      "BB_MA20": 728.126,
      "BB_LOWER": 691.729927
    },
    "NASDAQ:AMD": {
      "RSI14": 76.24,
      "ATR14": 15.083843,
      "BB_MA20": 193.1165,
      "BB_LOWER": 129.368232
    },
    "NASDAQ:LRCX": {
      "RSI14": 59.04,
      "ATR14": 6.418386,
      "BB_MA20": 137.9465,
      "BB_LOWER": 124.777424
    },
    "NASDAQ:ASML": {
      "RSI14": 61.23,
      "ATR14": 31.820121,
      "BB_MA20": 986.928,
      "BB_LOWER": 923.827019
    },
    "NYSE:COST": {
      "RSI14": 57.03,
      "ATR14": 15.474543,
      "BB_MA20": 929.75025,
      "BB_LOWER": 902.632664
    },
    "NYSE:UNH": {
      "RSI14": 61.06,
      "ATR14": 9.039279,
      "BB_MA20": 354.5695,
      "BB_LOWER": 338.58983
    },
    "NYSE:JPM": {
      "RSI14": 31.02,
      "ATR14": 7.485043,
      "BB_MA20": 308.34325,
      "BB_LOWER": 297.399592
    },
    "NYSE:BRK.B": {
      "RSI14": 43.77,
      "ATR14": 6.83685,
      "BB_MA20": 496.45125,
      "BB_LOWER": 488.880296
    },
    "NYSE:NVO": {
      "RSI14": 45.36,
      "ATR14": 1.634843,
      "BB_MA20": 57.717,
      "BB_LOWER": 54.132332
    },
    "NYSE:LLY": {
      "RSI14": 66.16,
      "ATR14": 26.184321,
      "BB_MA20": 797.915255,
      "BB_LOWER": 705.890402
    }
  },
  "cr": {
    "BINANCE:BTCUSDT": {
      "RSI14": 26.7,
      "ATR14": 5135.305,
      "BB_MA20": 116545.072,
      "BB_LOWER": 105659.055092
    },
    "BINANCE:ETHUSDT": {
      "RSI14": 34.67,
      "ATR14": 311.703571,
      "BB_MA20": 4234.1265,
      "BB_LOWER": 3700.9986
    },
    "BINANCE:SOLUSDT": {
      "RSI14": 32.14,
      "ATR14": 18.460714,
      "BB_MA20": 210.8355,
      "BB_LOWER": 175.147717
    },
    "BINANCE:LINKUSDT": {
      "RSI14": 30.62,
      "ATR14": 2.640714,
      "BB_MA20": 20.533,
      "BB_LOWER": 16.141066
    },
    "BINANCE:XRPUSDT": {
      "RSI14": 21.73,
      "ATR14": 0.262907,
      "BB_MA20": 2.725765,
      "BB_LOWER": 2.212045
    },
    "BINANCE:FETUSDT": {
      "RSI14": 9.35,
      "ATR14": 0.06605,
      "BB_MA20": 0.472795,
      "BB_LOWER": 0.222336
    },
    "BINANCE:ADAUSDT": {
      "RSI14": 27.82,
      "ATR14": 0.092636,
      "BB_MA20": 0.76823,
      "BB_LOWER": 0.592545
    },
    "BINANCE:DOTUSDT": {
      "RSI14": 25.73,
      "ATR14": 0.530857,
      "BB_MA20": 3.73175,
      "BB_LOWER": 2.673007
    },
    "BINANCE:ATOMUSDT": {
      "RSI14": 31.7,
      "ATR14": 0.553786,
      "BB_MA20": 3.8212,
      "BB_LOWER": 2.93213
    },
    "BINANCE:ARBUSDT": {
      "RSI14": 28.89,
      "ATR14": 0.054229,
      "BB_MA20": 0.38926,
      "BB_LOWER": 0.275608
    },
    "BINANCE:OPUSDT": {
      "RSI14": 19.62,
      "ATR14": 0.087807,
      "BB_MA20": 0.615555,
      "BB_LOWER": 0.365739
    },
    "BINANCE:AAVEUSDT": {
      "RSI14": 29.03,
      "ATR14": 34.355714,
      "BB_MA20": 264.486,
      "BB_LOWER": 212.857453
    },
    "BINANCE:UNIUSDT": {
      "RSI14": 32.52,
      "ATR14": 0.986786,
      "BB_MA20": 7.3497,
      "BB_LOWER": 5.661012
    },
    "BINANCE:LTCUSDT": {
      "RSI14": 25.16,
      "ATR14": 12.869286,
      "BB_MA20": 107.9415,
      "BB_LOWER": 85.306772
    },
    "BINANCE:TRXUSDT": {
      "RSI14": 27.78,
      "ATR14": 0.010857,
      "BB_MA20": 0.330905,
      "BB_LOWER": 0.30801
    },
    "BINANCE:TONUSDT": {
      "RSI14": 25.89,
      "ATR14": 0.300714,
      "BB_MA20": 2.54795,
      "BB_LOWER": 1.961041
    },
    "BINANCE:NEARUSDT": {
      "RSI14": 24.54,
      "ATR14": 0.326357,
      "BB_MA20": 2.68425,
      "BB_LOWER": 2.098133
    },
    "BINANCE:INJUSDT": {
      "RSI14": 23.39,
      "ATR14": 1.610714,
      "BB_MA20": 11.1345,
      "BB_LOWER": 7.537326
    }
  },
  "errors": []
}