{
  "generated_at_brt": "2025-10-23T14:37:20-03:00",
  "eq": {
    "NYSEARCA:VUG": {
      "RSI14": 57.27,
      "ATR14": 3.59166,
      "BB_MA20": 480.727498,
      "BB_LOWER": 472.440087,
      "CLOSE": 484.74700927734375
    },
    "NYSEARCA:IVW": {
      "RSI14": 56.21,
      "ATR14": 0.83521,
      "BB_MA20": 120.744251,
      "BB_LOWER": 118.983646,
      "CLOSE": 121.40499877929688
    },
    "NYSEARCA:IUSG": {
      "RSI14": 56.22,
      "ATR14": 1.136652,
      "BB_MA20": 164.607,
      "BB_LOWER": 162.215016,
      "CLOSE": 165.5399932861328
    },
    "NYSEARCA:SGOV": {
      "RSI14": 97.48,
      "ATR14": 0.015665,
      "BB_MA20": 100.477702,
      "BB_LOWER": 100.299355,
      "CLOSE": 100.61499786376953
    },
    "NASDAQ:QQQM": {
      "RSI14": 58.55,
      "ATR14": 1.885548,
      "BB_MA20": 248.558001,
      "BB_LOWER": 243.890376,
      "CLOSE": 251.16000366210938
    },
    "NASDAQ:SOXX": {
      "RSI14": 59.51,
      "ATR14": 4.838138,
      "BB_MA20": 282.926498,
      "BB_LOWER": 267.426783,
      "CLOSE": 290.54998779296875
    },
    "NASDAQ:NVDA": {
      "RSI14": 50.78,
      "ATR14": 2.583601,
      "BB_MA20": 184.262751,
      "BB_LOWER": 176.790333,
      "CLOSE": 182.1750030517578
    },
    "NASDAQ:AVGO": {
      "RSI14": 52.77,
      "ATR14": 6.214551,
      "BB_MA20": 341.063498,
      "BB_LOWER": 324.028034,
      "CLOSE": 344.1000061035156
    },
    "NYSE:TSM": {
      "RSI14": 54.51,
      "ATR14": 6.156014,
      "BB_MA20": 292.41525,
      "BB_LOWER": 273.649735,
      "CLOSE": 292.614990234375
    },
    "NYSE:PLTR": {
      "RSI14": 54.18,
      "ATR14": 3.29462,
      "BB_MA20": 180.131255,
      "BB_LOWER": 173.137166,
      "CLOSE": 181.1051025390625
    },
    "NYSE:VST": {
      "RSI14": 41.48,
      "ATR14": 4.905827,
      "BB_MA20": 200.72075,
      "BB_LOWER": 185.859623,
      "CLOSE": 189.4949951171875
    },
    "NYSEARCA:ARGT": {
      "RSI14": 53.37,
      "ATR14": 1.344885,
      "BB_MA20": 70.95417,
      "BB_LOWER": 67.122132,
      "CLOSE": 73.42340087890625
    },
    "NYSEARCA:SPY": {
      "RSI14": 58.28,
      "ATR14": 3.708703,
      "BB_MA20": 666.697995,
      "BB_LOWER": 656.987679,
      "CLOSE": 671.52001953125
    },
    "NYSEARCA:VOO": {
      "RSI14": 58.4,
      "ATR14": 3.383384,
      "BB_MA20": 612.928995,
      "BB_LOWER": 604.036663,
      "CLOSE": 617.3798828125
    },
    "NYSEARCA:VTI": {
      "RSI14": 57.65,
      "ATR14": 1.915212,
      "BB_MA20": 328.630954,
      "BB_LOWER": 323.890842,
      "CLOSE": 330.93609619140625
    },
    "NASDAQ:QQQ": {
      "RSI14": 58.59,
      "ATR14": 4.602244,
      "BB_MA20": 603.792996,
      "BB_LOWER": 592.438401,
      "CLOSE": 610.2100219726562
    },
    "NYSEARCA:XLK": {
      "RSI14": 60.07,
      "ATR14": 2.611417,
      "BB_MA20": 285.025002,
      "BB_LOWER": 278.225825,
      "CLOSE": 288.8900146484375
    },
    "NYSEARCA:SMH": {
      "RSI14": 59.96,
      "ATR14": 4.980821,
      "BB_MA20": 337.669997,
      "BB_LOWER": 321.98861,
      "CLOSE": 344.6199951171875
    },
    "NYSEARCA:IJR": {
      "RSI14": 55.01,
      "ATR14": 1.10133,
      "BB_MA20": 118.60175,
      "BB_LOWER": 115.947274,
      "CLOSE": 119.99500274658203
    },
    "NYSEARCA:IWF": {
      "RSI14": 57.24,
      "ATR14": 3.450029,
      "BB_MA20": 469.209999,
      "BB_LOWER": 461.569113,
      "CLOSE": 472.82000732421875
    },
    "NYSEARCA:IWD": {
      "RSI14": 56.79,
      "ATR14": 1.041861,
      "BB_MA20": 203.647999,
      "BB_LOWER": 200.835786,
      "CLOSE": 204.97000122070312
    },
    "NYSEARCA:XLV": {
      "RSI14": 69.36,
      "ATR14": 0.799682,
      "BB_MA20": 142.771,
      "BB_LOWER": 137.145577,
      "CLOSE": 145.88999938964844
    },
    "NYSEARCA:XLF": {
      "RSI14": 45.23,
      "ATR14": 0.363075,
      "BB_MA20": 53.11931,
      "BB_LOWER": 51.815852,
      "CLOSE": 52.57619857788086
    },
    "NYSEARCA:XLE": {
      "RSI14": 57.9,
      "ATR14": 0.816592,
      "BB_MA20": 88.00675,
      "BB_LOWER": 84.460161,
      "CLOSE": 89.31500244140625
    },
    "NASDAQ:MSFT": {
      "RSI14": 59.05,
      "ATR14": 3.150512,
      "BB_MA20": 517.565244,
      "BB_LOWER": 507.899375,
      "CLOSE": 522.5050048828125
    },
    "NASDAQ:AAPL": {
      "RSI14": 61.5,
      "ATR14": 2.945347,
      "BB_MA20": 254.684249,
      "BB_LOWER": 244.93417,
      "CLOSE": 260.05499267578125
    },
    "NASDAQ:GOOGL": {
      "RSI14": 61.98,
      "ATR14": 2.902478,
      "BB_MA20": 247.335999,
      "BB_LOWER": 237.847343,
      "CLOSE": 254.08999633789062
    },
    "NASDAQ:AMZN": {
      "RSI14": 49.43,
      "ATR14": 3.028329,
      "BB_MA20": 219.613045,
      "BB_LOWER": 212.611116,
      "CLOSE": 220.18089294433594
    },
    "NASDAQ:META": {
      "RSI14": 52.74,
      "ATR14": 7.842674,
      "BB_MA20": 723.421002,
      "BB_LOWER": 700.129271,
      "CLOSE": 736.8099975585938
    },
    "NASDAQ:AMD": {
      "RSI14": 67.19,
      "ATR14": 6.425221,
      "BB_MA20": 208.156998,
      "BB_LOWER": 146.552637,
      "CLOSE": 233.97999572753906
    },
    "NASDAQ:LRCX": {
      "RSI14": 63.67,
      "ATR14": 3.378623,
      "BB_MA20": 140.798498,
      "BB_LOWER": 129.531964,
      "CLOSE": 147.52999877929688
    },
    "NASDAQ:ASML": {
      "RSI14": 64.23,
      "ATR14": 17.53412,
      "BB_MA20": 1001.871875,
      "BB_LOWER": 940.726806,
      "CLOSE": 1034.1673583984375
    },
    "NYSE:COST": {
      "RSI14": 50.44,
      "ATR14": 8.152497,
      "BB_MA20": 928.904254,
      "BB_LOWER": 903.251819,
      "CLOSE": 939.405029296875
    },
    "NYSE:UNH": {
      "RSI14": 56.82,
      "ATR14": 3.992191,
      "BB_MA20": 357.793794,
      "BB_LOWER": 343.317368,
      "CLOSE": 360.2059020996094
    },
    "NYSE:JPM": {
      "RSI14": 40.29,
      "ATR14": 3.080296,
      "BB_MA20": 304.699799,
      "BB_LOWER": 292.60164,
      "CLOSE": 294.8800048828125
    },
    "NYSE:BRK.B": {
      "RSI14": 45.42,
      "ATR14": 2.818099,
      "BB_MA20": 495.817,
      "BB_LOWER": 487.392683,
      "CLOSE": 490.7200012207031
    },
    "NYSE:NVO": {
      "RSI14": 36.99,
      "ATR14": 0.934877,
      "BB_MA20": 56.826,
      "BB_LOWER": 52.748641,
      "CLOSE": 53.25
    },
    "NYSE:LLY": {
      "RSI14": 57.24,
      "ATR14": 11.539245,
      "BB_MA20": 812.177496,
      "BB_LOWER": 742.069975,
      "CLOSE": 819.6300048828125
    }
  },
  "cr": {
    "BINANCE:BTCUSDT": {
      "RSI14": 36.51,
      "ATR14": 2374.652386,
      "BB_MA20": 114087.913,
      "BB_LOWER": 101742.828939,
      "CLOSE": 110738.99
    },
    "BINANCE:ETHUSDT": {
      "RSI14": 33.87,
      "ATR14": 136.744802,
      "BB_MA20": 4113.848,
      "BB_LOWER": 3543.449518,
      "CLOSE": 3914.02
    },
    "BINANCE:SOLUSDT": {
      "RSI14": 35.1,
      "ATR14": 9.143912,
      "BB_MA20": 200.852,
      "BB_LOWER": 164.287288,
      "CLOSE": 192.64
    },
    "BINANCE:LINKUSDT": {
      "RSI14": 34.63,
      "ATR14": 0.93258,
      "BB_MA20": 19.182,
      "BB_LOWER": 14.780398,
      "CLOSE": 17.72
    },
    "BINANCE:XRPUSDT": {
      "RSI14": 30.73,
      "ATR14": 0.089551,
      "BB_MA20": 2.56656,
      "BB_LOWER": 2.090139,
      "CLOSE": 2.4173
    },
    "BINANCE:FETUSDT": {
      "RSI14": 20.86,
      "ATR14": 0.024007,
      "BB_MA20": 0.375585,
      "BB_LOWER": 0.120426,
      "CLOSE": 0.2529
    },
    "BINANCE:ADAUSDT": {
      "RSI14": 32.28,
      "ATR14": 0.029989,
      "BB_MA20": 0.71103,
      "BB_LOWER": 0.537267,
      "CLOSE": 0.6502
    },
    "BINANCE:DOTUSDT": {
      "RSI14": 32.24,
      "ATR14": 0.145273,
      "BB_MA20": 3.3977,
      "BB_LOWER": 2.332133,
      "CLOSE": 3.025
    },
    "BINANCE:ATOMUSDT": {
      "RSI14": 34.13,
      "ATR14": 0.13628,
      "BB_MA20": 3.52395,
      "BB_LOWER": 2.664185,
      "CLOSE": 3.219
    },
    "BINANCE:ARBUSDT": {
      "RSI14": 33.67,
      "ATR14": 0.017035,
      "BB_MA20": 0.352845,
      "BB_LOWER": 0.243528,
      "CLOSE": 0.3179
    },
    "BINANCE:OPUSDT": {
      "RSI14": 26.88,