{
  "generated_at_brt": "2025-10-17T16:34:50-0300",
  "eq": {
    "NYSEARCA:VUG": {
      "RSI14": 51.02,
      "ATR14": 7.118421,
      "BB_MA20": 479.768,
      "BB_LOWER": 471.512
    },
    "NYSEARCA:IVW": {
      "RSI14": 51.25,
      "ATR14": 1.762821,
      "BB_MA20": 120.58225,
      "BB_LOWER": 118.6955
    },
    "NYSEARCA:IUSG": {
      "RSI14": 50.89,
      "ATR14": 2.355579,
      "BB_MA20": 164.39572,
      "BB_LOWER": 161.840643
    },
    "NYSEARCA:SGOV": {
      "RSI14": 37.61,
      "ATR14": 0.042857,
      "BB_MA20": 100.53775,
      "BB_LOWER": 100.32401
    },
    "NASDAQ:QQQM": {
      "RSI14": 54.31,
      "ATR14": 3.789286,
      "BB_MA20": 247.5825,
      "BB_LOWER": 243.188432
    },
    "NASDAQ:SOXX": {
      "RSI14": 61.39,
      "ATR14": 8.817371,
      "BB_MA20": 278.8445,
      "BB_LOWER": 262.09555
    },
    "NASDAQ:NVDA": {
      "RSI14": 52.26,
      "ATR14": 5.959279,
      "BB_MA20": 183.819495,
      "BB_LOWER": 175.186492
    },
    "NASDAQ:AVGO": {
      "RSI14": 60.53,
      "ATR14": 14.674414,
      "BB_MA20": 339.92225,
      "BB_LOWER": 323.256001
    },
    "NYSE:TSM": {
      "RSI14": 60.25,
      "ATR14": 12.484521,
      "BB_MA20": 289.4815,
      "BB_LOWER": 267.425361
    },
    "NYSE:PLTR": {
      "RSI14": 50.13,
      "ATR14": 8.244993,
      "BB_MA20": 180.216555,
      "BB_LOWER": 173.536157
    },
    "NYSE:VST": {
      "RSI14": 53.5,
      "ATR14": 9.6276,
      "BB_MA20": 204.268,
      "BB_LOWER": 193.545053
    },
    "NYSEARCA:ARGT": {
      "RSI14": 47.71,
      "ATR14": 2.552814,
      "BB_MA20": 71.6455,
      "BB_LOWER": 66.761713
    },
    "NYSEARCA:SPY": {
      "RSI14": 51.43,
      "ATR14": 8.0904,
      "BB_MA20": 665.109,
      "BB_LOWER": 655.422858
    },
    "NYSEARCA:VOO": {
      "RSI14": 51.47,
      "ATR14": 7.3731,
      "BB_MA20": 611.9005,
      "BB_LOWER": 603.421619
    },
    "NYSEARCA:VTI": {
      "RSI14": 51.08,
      "ATR14": 4.090786,
      "BB_MA20": 328.112204,
      "BB_LOWER": 323.560237
    },
    "NASDAQ:QQQ": {
      "RSI14": 54.32,
      "ATR14": 9.237179,
      "BB_MA20": 601.4245,
      "BB_LOWER": 590.738488
    },
    "NYSEARCA:XLK": {
      "RSI14": 56.08,
      "ATR14": 5.308879,
      "BB_MA20": 283.4815,
      "BB_LOWER": 276.153446
    },
    "NYSEARCA:SMH": {
      "RSI14": 61.71,
      "ATR14": 9.532764,
      "BB_MA20": 333.2425,
      "BB_LOWER": 314.817001
    },
    "NYSEARCA:IJR": {
      "RSI14": 47.18,
      "ATR14": 2.036786,
      "BB_MA20": 118.42575,
      "BB_LOWER": 115.837204
    },
    "NYSEARCA:IWF": {
      "RSI14": 51.39,
      "ATR14": 6.967807,
      "BB_MA20": 468.34135,
      "BB_LOWER": 460.4953
    },
    "NYSEARCA:IWD": {
      "RSI14": 49.69,
      "ATR14": 2.3075,
      "BB_MA20": 203.134,
      "BB_LOWER": 200.372606
    },
    "NYSEARCA:XLV": {
      "RSI14": 74.72,
      "ATR14": 2.066271,
      "BB_MA20": 140.887995,
      "BB_LOWER": 133.889563
    },
    "NYSEARCA:XLF": {
      "RSI14": 34.9,
      "ATR14": 0.832929,
      "BB_MA20": 53.34225,
      "BB_LOWER": 52.095709
    },
    "NYSEARCA:XLE": {
      "RSI14": 28.34,
      "ATR14": 1.530357,
      "BB_MA20": 88.3865,
      "BB_LOWER": 84.584099
    },
    "NASDAQ:MSFT": {
      "RSI14": 50.31,
      "ATR14": 8.549136,
      "BB_MA20": 515.80025,
      "BB_LOWER": 504.779541
    },
    "NASDAQ:AAPL": {
      "RSI14": 46.91,
      "ATR14": 4.608857,
      "BB_MA20": 253.5055,
      "BB_LOWER": 245.846131
    },
    "NASDAQ:GOOGL": {
      "RSI14": 61.85,
      "ATR14": 5.987429,
      "BB_MA20": 246.5605,
      "BB_LOWER": 238.449378
    },
    "NASDAQ:AMZN": {
      "RSI14": 38.55,
      "ATR14": 5.547493,
      "BB_MA20": 220.134005,
      "BB_LOWER": 212.59307
    },
    "NASDAQ:META": {
      "RSI14": 40.72,
      "ATR14": 18.169964,
      "BB_MA20": 728.12475,
      "BB_LOWER": 691.727086
    },
    "NASDAQ:AMD": {
      "RSI14": 77.57,
      "ATR14": 15.083843,
      "BB_MA20": 193.2325,
      "BB_LOWER": 129.192188
    },
    "NASDAQ:LRCX": {
      "RSI14": 59.6,
      "ATR14": 6.418386,
      "BB_MA20": 137.974,
      "BB_LOWER": 124.770932
    },
    "NASDAQ:ASML": {
      "RSI14": 61.8,
      "ATR14": 31.820121,
      "BB_MA20": 987.136,
      "BB_LOWER": 923.50263
    },
    "NYSE:COST": {
      "RSI14": 57.03,
      "ATR14": 15.474543,
      "BB_MA20": 929.7495,
      "BB_LOWER": 902.63255
    },
    "NYSE:UNH": {
      "RSI14": 61.41,
      "ATR14": 9.071143,
      "BB_MA20": 354.594,
      "BB_LOWER": 338.596167
    },
    "NYSE:JPM": {
      "RSI14": 31.09,
      "ATR14": 7.485043,
      "BB_MA20": 308.348,
      "BB_LOWER": 297.42268
    },
    "NYSE:BRK.B": {
      "RSI14": 43.55,
      "ATR14": 6.83685,
      "BB_MA20": 496.4415,
      "BB_LOWER": 488.853058
    },
    "NYSE:NVO": {
      "RSI14": 45.59,
      "ATR14": 1.634843,
      "BB_MA20": 57.72025,
      "BB_LOWER": 54.147847
    },
    "NYSE:LLY": {
      "RSI14": 66.64,
      "ATR14": 26.184321,
      "BB_MA20": 797.9975,
      "BB_LOWER": 705.963098
    }
  },
  "cr": {
    "BINANCE:BTCUSDT": {
      "RSI14": 26.45,
      "ATR14": 5135.305,
      "BB_MA20": 116529.1795,
      "BB_LOWER": 105584.699379
    },
    "BINANCE:ETHUSDT": {
      "RSI14": 34.46,
      "ATR14": 311.703571,
      "BB_MA20": 4233.4415,
      "BB_LOWER": 3698.223288
    },
    "BINANCE:SOLUSDT": {
      "RSI14": 31.81,
      "ATR14": 18.460714,
      "BB_MA20": 210.763,
      "BB_LOWER": 174.846356
    },
    "BINANCE:LINKUSDT": {
      "RSI14": 30.46,
      "ATR14": 2.640714,
      "BB_MA20": 20.529,
      "BB_LOWER": 16.121752
    },
    "BINANCE:XRPUSDT": {
      "RSI14": 21.54,
      "ATR14": 0.262907,
      "BB_MA20": 2.725205,
      "BB_LOWER": 2.209632
    },
    "BINANCE:FETUSDT": {
      "RSI14": 9.31,
      "ATR14": 0.06605,
      "BB_MA20": 0.47271,
      "BB_LOWER": 0.221972
    },
    "BINANCE:ADAUSDT": {
      "RSI14": 27.58,
      "ATR14": 0.092636,
      "BB_MA20": 0.768,
      "BB_LOWER": 0.591561
    },
    "BINANCE:DOTUSDT": {
      "RSI14": 25.58,
      "ATR14": 0.530857,
      "BB_MA20": 3.7309,
      "BB_LOWER": 2.669499
    },
    "BINANCE:ATOMUSDT": {
      "RSI14": 31.47,
      "ATR14": 0.553786,
      "BB_MA20": 3.8201,
      "BB_LOWER": 2.927806
    },
    "BINANCE:ARBUSDT": {
      "RSI14": 28.73,
      "ATR14": 0.054229,
      "BB_MA20": 0.38916,
      "BB_LOWER": 0.275204
    },
    "BINANCE:OPUSDT": {
      "RSI14": 19.51,
      "ATR14": 0.087807,
      "BB_MA20": 0.615405,
      "BB_LOWER": 0.365118
    },
    "BINANCE:AAVEUSDT": {
      "RSI14": 28.86,
      "ATR14": 34.355714,
      "BB_MA20": 264.4245,
      "BB_LOWER": 212.50526
    },
    "BINANCE:UNIUSDT": {
      "RSI14": 32.36,
      "ATR14": 0.986786,
      "BB_MA20": 7.34825,
      "BB_LOWER": 5.655406
    },
    "BINANCE:LTCUSDT": {
      "RSI14": 24.94,
      "ATR14": 12.869286,
      "BB_MA20": 107.915,
      "BB_LOWER": 85.19873
    },
    "BINANCE:TRXUSDT": {
      "RSI14": 27.26,
      "ATR14": 0.010857,
      "BB_MA20": 0.330835,
      "BB_LOWER": 0.307667
    },
    "BINANCE:TONUSDT": {
      "RSI14": 25.81,
      "ATR14": 0.300714,
      "BB_MA20": 2.5477,
      "BB_LOWER": 1.960057
    },
    "BINANCE:NEARUSDT": {
      "RSI14": 24.36,
      "ATR14": 0.326357,
      "BB_MA20": 2.6836,
      "BB_LOWER": 2.095082
    },
    "BINANCE:INJUSDT": {
      "RSI14": 23.17,
      "ATR14": 1.610714,
      "BB_MA20": 11.13,
      "BB_LOWER": 7.518657
    }
  },
  "errors": []
}