{
  "generated_at_brt": "2025-10-23T13:17:00-03:00",
  "eq": {
    "NYSEARCA:VUG": {
      "RSI14": 57.06,
      "ATR14": 3.573301,
      "BB_MA20": 480.714647,
      "BB_LOWER": 472.451446,
      "CLOSE": 484.489990234375
    },
    "NYSEARCA:IVW": {
      "RSI14": 55.66,
      "ATR14": 0.824853,
      "BB_MA20": 120.737001,
      "BB_LOWER": 118.986173,
      "CLOSE": 121.26000213623047
    },
    "NYSEARCA:IUSG": {
      "RSI14": 55.75,
      "ATR14": 1.124509,
      "BB_MA20": 164.5985,
      "BB_LOWER": 162.218661,
      "CLOSE": 165.3699951171875
    },
    "NYSEARCA:SGOV": {
      "RSI14": 97.54,
      "ATR14": 0.016023,
      "BB_MA20": 100.477952,
      "BB_LOWER": 100.298823,
      "CLOSE": 100.62000274658203
    },
    "NASDAQ:QQQM": {
      "RSI14": 58.43,
      "ATR14": 1.879833,
      "BB_MA20": 248.554001,
      "BB_LOWER": 243.895173,
      "CLOSE": 251.0800018310547
    },
    "NASDAQ:SOXX": {
      "RSI14": 59.82,
      "ATR14": 4.875995,
      "BB_MA20": 282.952998,
      "BB_LOWER": 267.399519,
      "CLOSE": 291.0799865722656
    },
    "NASDAQ:NVDA": {
      "RSI14": 50.64,
      "ATR14": 2.576516,
      "BB_MA20": 184.257791,
      "BB_LOWER": 176.779707,
      "CLOSE": 182.0758056640625
    },
    "NASDAQ:AVGO": {
      "RSI14": 53.66,
      "ATR14": 6.333835,
      "BB_MA20": 341.146997,
      "BB_LOWER": 324.036612,
      "CLOSE": 345.7699890136719
    },
    "NYSE:TSM": {
      "RSI14": 55.0,
      "ATR14": 6.223157,
      "BB_MA20": 292.46225,
      "BB_LOWER": 273.690262,
      "CLOSE": 293.55499267578125
    },
    "NYSE:PLTR": {
      "RSI14": 53.01,
      "ATR14": 3.212828,
      "BB_MA20": 180.074001,
      "BB_LOWER": 173.094003,
      "CLOSE": 179.9600067138672
    },
    "NYSE:VST": {
      "RSI14": 40.86,
      "ATR14": 4.854756,
      "BB_MA20": 200.685001,
      "BB_LOWER": 185.713,
      "CLOSE": 188.77999877929688
    },
    "NYSEARCA:ARGT": {
      "RSI14": 53.13,
      "ATR14": 1.337857,
      "BB_MA20": 70.94925,
      "BB_LOWER": 67.129673,
      "CLOSE": 73.32499694824219
    },
    "NYSEARCA:SPY": {
      "RSI14": 57.84,
      "ATR14": 3.670128,
      "BB_MA20": 666.670993,
      "BB_LOWER": 657.011593,
      "CLOSE": 670.97998046875
    },
    "NYSEARCA:VOO": {
      "RSI14": 57.99,
      "ATR14": 3.350176,
      "BB_MA20": 612.90575,
      "BB_LOWER": 604.057759,
      "CLOSE": 616.9149780273438
    },
    "NYSEARCA:VTI": {
      "RSI14": 57.2,
      "ATR14": 1.895134,
      "BB_MA20": 328.616899,
      "BB_LOWER": 323.902614,
      "CLOSE": 330.6549987792969
    },
    "NASDAQ:QQQ": {
      "RSI14": 58.35,
      "ATR14": 4.575816,
      "BB_MA20": 603.774496,
      "BB_LOWER": 592.46065,
      "CLOSE": 609.8400268554688
    },
    "NYSEARCA:XLK": {
      "RSI14": 60.28,
      "ATR14": 2.625701,
      "BB_MA20": 285.035001,
      "BB_LOWER": 278.212569,
      "CLOSE": 289.0899963378906
    },
    "NYSEARCA:SMH": {
      "RSI14": 60.35,
      "ATR14": 5.030107,
      "BB_MA20": 337.704497,
      "BB_LOWER": 321.959194,
      "CLOSE": 345.30999755859375
    },
    "NYSEARCA:IJR": {
      "RSI14": 53.98,
      "ATR14": 1.076687,
      "BB_MA20": 118.5845,
      "BB_LOWER": 115.962175,
      "CLOSE": 119.6500015258789
    },
    "NYSEARCA:IWF": {
      "RSI14": 56.8,
      "ATR14": 3.415028,
      "BB_MA20": 469.185498,
      "BB_LOWER": 461.588053,
      "CLOSE": 472.3299865722656
    },
    "NYSEARCA:IWD": {
      "RSI14": 56.11,
      "ATR14": 1.025739,
      "BB_MA20": 203.636713,
      "BB_LOWER": 200.844068,
      "CLOSE": 204.74429321289062
    },
    "NYSEARCA:XLV": {
      "RSI14": 68.69,
      "ATR14": 0.80754,
      "BB_MA20": 142.7655,
      "BB_LOWER": 137.152083,
      "CLOSE": 145.77999877929688
    },
    "NYSEARCA:XLF": {
      "RSI14": 44.17,
      "ATR14": 0.356204,
      "BB_MA20": 53.1145,
      "BB_LOWER": 51.802379,
      "CLOSE": 52.47999954223633
    },
    "NYSEARCA:XLE": {
      "RSI14": 57.72,
      "ATR14": 0.81302,
      "BB_MA20": 88.00425,
      "BB_LOWER": 84.461285,
      "CLOSE": 89.26499938964844
    },
    "NASDAQ:MSFT": {
      "RSI14": 59.52,
      "ATR14": 3.187303,
      "BB_MA20": 517.590997,
      "BB_LOWER": 507.870032,
      "CLOSE": 523.0200805664062
    },
    "NASDAQ:AAPL": {
      "RSI14": 61.74,
      "ATR14": 2.963562,
      "BB_MA20": 254.696999,
      "BB_LOWER": 244.918236,
      "CLOSE": 260.30999755859375
    },
    "NASDAQ:GOOGL": {
      "RSI14": 62.4,
      "ATR14": 2.934614,
      "BB_MA20": 247.358495,
      "BB_LOWER": 237.803992,
      "CLOSE": 254.53990173339844
    },
    "NASDAQ:AMZN": {
      "RSI14": 49.34,
      "ATR14": 3.022551,
      "BB_MA20": 219.609,
      "BB_LOWER": 212.608295,
      "CLOSE": 220.10000610351562
    },
    "NASDAQ:META": {
      "RSI14": 54.22,
      "ATR14": 8.096244,
      "BB_MA20": 723.598502,
      "BB_LOWER": 699.851681,
      "CLOSE": 740.3599853515625
    },
    "NASDAQ:AMD": {
      "RSI14": 67.24,
      "ATR14": 6.433578,
      "BB_MA20": 208.162849,
      "BB_LOWER": 146.548658,
      "CLOSE": 234.0970001220703
    },
    "NASDAQ:LRCX": {
      "RSI14": 63.67,
      "ATR14": 3.379337,
      "BB_MA20": 140.798997,
      "BB_LOWER": 129.531269,
      "CLOSE": 147.5399932861328
    },
    "NASDAQ:ASML": {
      "RSI14": 64.88,
      "ATR14": 17.860022,
      "BB_MA20": 1002.100006,
      "BB_LOWER": 940.442763,
      "CLOSE": 1038.72998046875
    },
    "NYSE:COST": {
      "RSI14": 49.28,
      "ATR14": 8.343572,
      "BB_MA20": 928.770502,
      "BB_LOWER": 903.311299,
      "CLOSE": 936.72998046875
    },
    "NYSE:UNH": {
      "RSI14": 55.01,
      "ATR14": 4.12329,
      "BB_MA20": 357.702025,
      "BB_LOWER": 343.264709,
      "CLOSE": 358.3705139160156
    },
    "NYSE:JPM": {
      "RSI14": 39.58,
      "ATR14": 3.043867,
      "BB_MA20": 304.674298,
      "BB_LOWER": 292.4916,
      "CLOSE": 294.3699951171875
    },
    "NYSE:BRK.B": {
      "RSI14": 44.21,
      "ATR14": 2.895241,
      "BB_MA20": 495.763,
      "BB_LOWER": 487.196052,
      "CLOSE": 489.6400146484375
    },
    "NYSE:NVO": {
      "RSI14": 37.41,
      "ATR14": 0.926306,
      "BB_MA20": 56.833,
      "BB_LOWER": 52.779813,
      "CLOSE": 53.38999938964844
    },
    "NYSE:LLY": {
      "RSI14": 57.36,
      "ATR14": 11.570316,
      "BB_MA20": 812.199246,
      "BB_LOWER": 742.082221,
      "CLOSE": 820.0650024414062
    }
  },
  "cr": {
    "BINANCE:BTCUSDT": {
      "RSI14": 35.08,
      "ATR14": 2322.224529,
      "BB_MA20": 114051.2135,
      "BB_LOWER": 101662.238896,
      "CLOSE": 110005.0
    },
    "BINANCE:ETHUSDT": {
      "RSI14": 32.65,
      "ATR14": 134.276231,
      "BB_MA20": 4112.12,
      "BB_LOWER": 3539.107099,
      "CLOSE": 3879.46
    },
    "BINANCE:SOLUSDT": {
      "RSI14": 34.4,
      "ATR14": 9.046769,
      "BB_MA20": 200.784,
      "BB_LOWER": 164.153454,
      "CLOSE": 191.28
    },
    "BINANCE:LINKUSDT": {
      "RSI14": 33.19,
      "ATR14": 0.91258,
      "BB_MA20": 19.168,
      "BB_LOWER": 14.746152,
      "CLOSE": 17.44
    },
    "BINANCE:XRPUSDT": {
      "RSI14": 30.19,
      "ATR14": 0.088858,
      "BB_MA20": 2.566075,
      "BB_LOWER": 2.089028,
      "CLOSE": 2.4076
    },
    "BINANCE:FETUSDT": {
      "RSI14": 20.13,
      "ATR14": 0.023786,
      "BB_MA20": 0.37543,
      "BB_LOWER": 0.11997,
      "CLOSE": 0.2498
    },
    "BINANCE:ADAUSDT": {
      "RSI14": 31.19,
      "ATR14": 0.029511,
      "BB_MA20": 0.710695,
      "BB_LOWER": 0.536439,
      "CLOSE": 0.6435
    },
    "BINANCE:DOTUSDT": {
      "RSI14": 31.36,
      "ATR14": 0.143416,
      "BB_MA20": 3.3964,
      "BB_LOWER": 2.328956,
      "CLOSE": 2.999
    },
    "BINANCE:ATOMUSDT": {
      "RSI14": 33.43,
      "ATR14": 0.134852,
      "BB_MA20": 3.52295,
      "BB_LOWER": 2.661723,
      "CLOSE": 3.199
    },
    "BINANCE:ARBUSDT": {
      "RSI14": 32.71,
      "ATR14": 0.016792,
      "BB_MA20": 0.352675,
      "BB_LOWER": 0.243131,
      "CLOSE": 0.3145
    },
    "BINANCE:OPUSDT": {
      "RSI14": 25.85,