{
  "generated_at_brt": "2025-10-20T13:28:46-03:00",
  "eq": {
    "NYSEARCA:VUG": {
      "RSI14": 57.22,
      "ATR14": 3.819977,
      "BB_MA20": 479.628494,
      "BB_LOWER": 471.168662,
      "CLOSE": 484.2789001464844
    },
    "NYSEARCA:IVW": {
      "RSI14": 56.28,
      "ATR14": 0.884237,
      "BB_MA20": 120.563221,
      "BB_LOWER": 118.704632,
      "CLOSE": 121.35440063476562
    },
    "NYSEARCA:IUSG": {
      "RSI14": 56.15,
      "ATR14": 1.190363,
      "BB_MA20": 164.36545,
      "BB_LOWER": 161.85594,
      "CLOSE": 165.38900756835938
    },
    "NYSEARCA:SGOV": {
      "RSI14": 97.07,
      "ATR14": 0.016846,
      "BB_MA20": 100.431928,
      "BB_LOWER": 100.254502,
      "CLOSE": 100.58000183105469
    },
    "NASDAQ:QQQM": {
      "RSI14": 60.82,
      "ATR14": 1.991661,
      "BB_MA20": 247.755251,
      "BB_LOWER": 243.006283,
      "CLOSE": 251.84500122070312
    },
    "NASDAQ:SOXX": {
      "RSI14": 63.92,
      "ATR14": 4.85604,
      "BB_MA20": 280.025,
      "BB_LOWER": 262.62678,
      "CLOSE": 294.1000061035156
    },
    "NASDAQ:NVDA": {
      "RSI14": 51.29,
      "ATR14": 2.876092,
      "BB_MA20": 183.7885,
      "BB_LOWER": 175.151934,
      "CLOSE": 183.67999267578125
    },
    "NASDAQ:AVGO": {
      "RSI14": 54.9,
      "ATR14": 6.758235,
      "BB_MA20": 340.432748,
      "BB_LOWER": 323.318375,
      "CLOSE": 349.3349914550781
    },
    "NYSE:TSM": {
      "RSI14": 58.86,
      "ATR14": 6.869197,
      "BB_MA20": 290.754999,
      "BB_LOWER": 269.758578,
      "CLOSE": 300.4200134277344
    },
    "NYSE:PLTR": {
      "RSI14": 55.76,
      "ATR14": 3.178475,
      "BB_MA20": 180.317005,
      "BB_LOWER": 173.55276,
      "CLOSE": 182.1800994873047
    },
    "NYSE:VST": {
      "RSI14": 44.05,
      "ATR14": 5.063309,
      "BB_MA20": 203.06848,
      "BB_LOWER": 193.592448,
      "CLOSE": 195.11959838867188
    },
    "NYSEARCA:ARGT": {
      "RSI14": 47.17,
      "ATR14": 1.355592,
      "BB_MA20": 71.492505,
      "BB_LOWER": 66.773546,
      "CLOSE": 71.46009826660156
    },
    "NYSEARCA:SPY": {
      "RSI14": 58.67,
      "ATR14": 3.97469,
      "BB_MA20": 665.258746,
      "BB_LOWER": 655.277525,
      "CLOSE": 670.7650146484375
    },
    "NYSEARCA:VOO": {
      "RSI14": 58.8,
      "ATR14": 3.6243,
      "BB_MA20": 611.605408,
      "BB_LOWER": 602.438873,
      "CLOSE": 616.719970703125
    },
    "NYSEARCA:VTI": {
      "RSI14": 58.27,
      "ATR14": 2.018528,
      "BB_MA20": 327.945297,
      "BB_LOWER": 323.06299,
      "CLOSE": 330.5799865722656
    },
    "NASDAQ:QQQ": {
      "RSI14": 60.81,
      "ATR14": 4.866625,
      "BB_MA20": 601.846423,
      "BB_LOWER": 590.287358,
      "CLOSE": 611.8585205078125
    },
    "NYSEARCA:XLK": {
      "RSI14": 60.59,
      "ATR14": 2.763283,
      "BB_MA20": 283.752501,
      "BB_LOWER": 276.115505,
      "CLOSE": 288.75
    },
    "NYSEARCA:SMH": {
      "RSI14": 64.27,
      "ATR14": 5.139676,
      "BB_MA20": 334.522498,
      "BB_LOWER": 315.736668,
      "CLOSE": 348.9200134277344
    },
    "NYSEARCA:IJR": {
      "RSI14": 54.01,
      "ATR14": 1.147188,
      "BB_MA20": 118.397499,
      "BB_LOWER": 115.839164,
      "CLOSE": 119.08000183105469
    },
    "NYSEARCA:IWF": {
      "RSI14": 57.34,
      "ATR14": 3.620027,
      "BB_MA20": 468.282999,
      "BB_LOWER": 460.447963,
      "CLOSE": 472.4200134277344
    },
    "NYSEARCA:IWD": {
      "RSI14": 57.44,
      "ATR14": 1.138808,
      "BB_MA20": 203.225748,
      "BB_LOWER": 200.406133,
      "CLOSE": 204.59500122070312
    },
    "NYSEARCA:XLV": {
      "RSI14": 66.9,
      "ATR14": 0.890114,
      "BB_MA20": 141.276,
      "BB_LOWER": 134.404929,
      "CLOSE": 144.41000366210938
    },
    "NYSEARCA:XLF": {
      "RSI14": 45.9,
      "ATR14": 0.404031,
      "BB_MA20": 53.26775,
      "BB_LOWER": 52.00173,
      "CLOSE": 52.654998779296875
    },
    "NYSEARCA:XLE": {
      "RSI14": 44.84,
      "ATR14": 0.750521,
      "BB_MA20": 88.33225,
      "BB_LOWER": 84.46175,
      "CLOSE": 86.53500366210938
    },
    "NASDAQ:MSFT": {
      "RSI14": 51.71,
      "ATR14": 3.429941,
      "BB_MA20": 515.837248,
      "BB_LOWER": 504.790974,
      "CLOSE": 516.5250244140625
    },
    "NASDAQ:AAPL": {
      "RSI14": 67.49,
      "ATR14": 3.243838,
      "BB_MA20": 253.865925,
      "BB_LOWER": 245.087428,
      "CLOSE": 263.53851318359375
    },
    "NASDAQ:GOOGL": {
      "RSI14": 67.62,
      "ATR14": 2.812073,
      "BB_MA20": 246.738499,
      "BB_LOWER": 237.970523,
      "CLOSE": 256.25
    },
    "NASDAQ:AMZN": {
      "RSI14": 40.82,
      "ATR14": 2.689702,
      "BB_MA20": 219.483866,
      "BB_LOWER": 212.396509,
      "CLOSE": 214.9873046875
    },
    "NASDAQ:META": {
      "RSI14": 50.03,
      "ATR14": 9.416653,
      "BB_MA20": 726.460251,
      "BB_LOWER": 694.213876,
      "CLOSE": 731.4749755859375
    },
    "NASDAQ:AMD": {
      "RSI14": 73.73,
      "ATR14": 6.902366,
      "BB_MA20": 197.241999,
      "BB_LOWER": 132.017004,
      "CLOSE": 241.4499969482422
    },
    "NASDAQ:LRCX": {
      "RSI14": 62.26,
      "ATR14": 3.332371,
      "BB_MA20": 138.535498,
      "BB_LOWER": 125.334502,
      "CLOSE": 144.49000549316406
    },
    "NASDAQ:ASML": {
      "RSI14": 69.49,
      "ATR14": 18.138684,
      "BB_MA20": 991.773502,
      "BB_LOWER": 923.960177,
      "CLOSE": 1050.93994140625
    },
    "NYSE:COST": {
      "RSI14": 48.3,
      "ATR14": 9.180729,
      "BB_MA20": 929.301505,
      "BB_LOWER": 902.790321,
      "CLOSE": 933.4600219726562
    },
    "NYSE:UNH": {
      "RSI14": 63.43,
      "ATR14": 4.313572,
      "BB_MA20": 355.650499,
      "BB_LOWER": 340.446035,
      "CLOSE": 363.6199951171875
    },
    "NYSE:JPM": {
      "RSI14": 46.81,
      "ATR14": 3.088027,
      "BB_MA20": 307.118018,
      "BB_LOWER": 297.133058,
      "CLOSE": 301.7403869628906
    },
    "NYSE:BRK.B": {
      "RSI14": 47.09,
      "ATR14": 3.132451,
      "BB_MA20": 496.302499,
      "BB_LOWER": 488.442835,
      "CLOSE": 491.4599914550781
    },
    "NYSE:NVO": {
      "RSI14": 46.99,
      "ATR14": 1.007873,
      "BB_MA20": 57.491751,
      "BB_LOWER": 54.134896,
      "CLOSE": 56.14500045776367
    },
    "NYSE:LLY": {
      "RSI14": 52.78,
      "ATR14": 11.724946,
      "BB_MA20": 800.392743,
      "BB_LOWER": 710.495752,
      "CLOSE": 801.4749755859375
    }
  },
  "cr": {
    "BINANCE:BTCUSDT": {
      "RSI14": 38.62,
      "ATR14": 2204.568063,
      "BB_MA20": 115852.094,
      "BB_LOWER": 103710.138408,
      "CLOSE": 111063.47
    },
    "BINANCE:ETHUSDT": {
      "RSI14": 34.7,
      "ATR14": 138.803251,
      "BB_MA20": 4201.012,
      "BB_LOWER": 3629.035041,
      "CLOSE": 3969.85
    },
    "BINANCE:SOLUSDT": {
      "RSI14": 32.23,
      "ATR14": 8.798619,
      "BB_MA20": 207.3745,
      "BB_LOWER": 168.020673,
      "CLOSE": 188.93
    },
    "BINANCE:LINKUSDT": {
      "RSI14": 37.5,
      "ATR14": 0.959758,
      "BB_MA20": 19.9495,
      "BB_LOWER": 15.217665,
      "CLOSE": 18.69
    },
    "BINANCE:XRPUSDT": {
      "RSI14": 33.38,
      "ATR14": 0.083491,
      "BB_MA20": 2.655725,
      "BB_LOWER": 2.10936,
      "CLOSE": 2.4548
    },
    "BINANCE:FETUSDT": {
      "RSI14": 19.23,
      "ATR14": 0.02511,
      "BB_MA20": 0.4295,
      "BB_LOWER": 0.159747,
      "CLOSE": 0.2815
    },
    "BINANCE:ADAUSDT": {
      "RSI14": 30.25,
      "ATR14": 0.032489,
      "BB_MA20": 0.74455,
      "BB_LOWER": 0.554097,
      "CLOSE": 0.6628
    },
    "BINANCE:DOTUSDT": {
      "RSI14": 30.49,
      "ATR14": 0.159784,
      "BB_MA20": 3.5875,
      "BB_LOWER": 2.434702,
      "CLOSE": 3.079
    },
    "BINANCE:ATOMUSDT": {
      "RSI14": 30.9,
      "ATR14": 0.158107,
      "BB_MA20": 3.68425,
      "BB_LOWER": 2.748503,
      "CLOSE": 3.271
    },
    "BINANCE:ARBUSDT": {
      "RSI14": 27.54,
      "ATR14": 0.020628,
      "BB_MA20": 0.373245,
      "BB_LOWER": 0.253252,
      "CLOSE": 0.3222
    },
    "BINANCE:OPUSDT": {
      "RSI14": 21.95,