{
  "generated_at_brt": "2025-10-17T17:57:26-03:00",
  "eq": {
    "NYSEARCA:VUG": {
      "RSI14": 52.33,
      "ATR14": 3.638885,
      "BB_MA20": 479.592792,
      "BB_LOWER": 471.206053,
      "CLOSE": 478.239990234375
    },
    "NYSEARCA:IVW": {
      "RSI14": 53.18,
      "ATR14": 0.875748,
      "BB_MA20": 120.578001,
      "BB_LOWER": 118.690012,
      "CLOSE": 120.4000015258789
    },
    "NYSEARCA:IUSG": {
      "RSI14": 52.89,
      "ATR14": 1.178372,
      "BB_MA20": 164.39,
      "BB_LOWER": 161.831783,
      "CLOSE": 164.10000610351562
    },
    "NYSEARCA:SGOV": {
      "RSI14": 96.93,
      "ATR14": 0.017279,
      "BB_MA20": 100.416592,
      "BB_LOWER": 100.23999,
      "CLOSE": 100.56999969482422
    },
    "NASDAQ:QQQM": {
      "RSI14": 56.25,
      "ATR14": 1.89602,
      "BB_MA20": 247.558001,
      "BB_LOWER": 243.192677,
      "CLOSE": 248.61000061035156
    },
    "NASDAQ:SOXX": {
      "RSI14": 60.89,
      "ATR14": 4.743558,
      "BB_MA20": 278.811499,
      "BB_LOWER": 262.13894,
      "CLOSE": 288.1700134277344
    },
    "NASDAQ:NVDA": {
      "RSI14": 51.25,
      "ATR14": 3.030795,
      "BB_MA20": 183.785001,
      "BB_LOWER": 175.148204,
      "CLOSE": 183.22000122070312
    },
    "NASDAQ:AVGO": {
      "RSI14": 55.87,
      "ATR14": 7.233219,
      "BB_MA20": 339.905499,
      "BB_LOWER": 323.277825,
      "CLOSE": 349.3299865722656
    },
    "NYSE:TSM": {
      "RSI14": 56.65,
      "ATR14": 6.96149,
      "BB_MA20": 289.365498,
      "BB_LOWER": 267.453232,
      "CLOSE": 295.0799865722656
    },
    "NYSE:PLTR": {
      "RSI14": 51.51,
      "ATR14": 3.103676,
      "BB_MA20": 180.1745,
      "BB_LOWER": 173.453311,
      "CLOSE": 178.14999389648438
    },
    "NYSE:VST": {
      "RSI14": 47.78,
      "ATR14": 5.010276,
      "BB_MA20": 204.2085,
      "BB_LOWER": 193.434774,
      "CLOSE": 201.35000610351562
    },
    "NYSEARCA:ARGT": {
      "RSI14": 46.68,
      "ATR14": 1.457835,
      "BB_MA20": 71.639,
      "BB_LOWER": 66.754164,
      "CLOSE": 71.37999725341797
    },
    "NYSEARCA:SPY": {
      "RSI14": 53.45,
      "ATR14": 3.800344,
      "BB_MA20": 665.062497,
      "BB_LOWER": 655.371933,
      "CLOSE": 664.3900146484375
    },
    "NYSEARCA:VOO": {
      "RSI14": 53.45,
      "ATR14": 3.454272,
      "BB_MA20": 611.419754,
      "BB_LOWER": 602.528827,
      "CLOSE": 610.760009765625
    },
    "NYSEARCA:VTI": {
      "RSI14": 52.79,
      "ATR14": 1.921399,
      "BB_MA20": 327.863576,
      "BB_LOWER": 323.107317,
      "CLOSE": 327.29998779296875
    },
    "NASDAQ:QQQ": {
      "RSI14": 56.23,
      "ATR14": 4.631,
      "BB_MA20": 601.363498,
      "BB_LOWER": 590.749558,
      "CLOSE": 603.9299926757812
    },
    "NYSEARCA:XLK": {
      "RSI14": 56.9,
      "ATR14": 2.668659,
      "BB_MA20": 283.448001,
      "BB_LOWER": 276.154405,
      "CLOSE": 285.010009765625
    },
    "NYSEARCA:SMH": {
      "RSI14": 61.56,
      "ATR14": 5.020218,
      "BB_MA20": 333.184998,
      "BB_LOWER": 314.88716,
      "CLOSE": 342.8299865722656
    },
    "NYSEARCA:IJR": {
      "RSI14": 48.68,
      "ATR14": 1.111843,
      "BB_MA20": 118.421999,
      "BB_LOWER": 115.828841,
      "CLOSE": 117.58999633789062
    },
    "NYSEARCA:IWF": {
      "RSI14": 52.89,
      "ATR14": 3.47561,
      "BB_MA20": 468.295998,
      "BB_LOWER": 460.432738,
      "CLOSE": 467.1199951171875
    },
    "NYSEARCA:IWD": {
      "RSI14": 51.46,
      "ATR14": 1.076274,
      "BB_MA20": 203.119998,
      "BB_LOWER": 200.355626,
      "CLOSE": 202.83999633789062
    },
    "NYSEARCA:XLV": {
      "RSI14": 62.08,
      "ATR14": 0.855106,
      "BB_MA20": 140.887,
      "BB_LOWER": 133.88993,
      "CLOSE": 143.27000427246094
    },
    "NYSEARCA:XLF": {
      "RSI14": 40.39,
      "ATR14": 0.397263,
      "BB_MA20": 53.335,
      "BB_LOWER": 52.063441,
      "CLOSE": 52.18000030517578
    },
    "NYSEARCA:XLE": {
      "RSI14": 41.04,
      "ATR14": 0.77012,
      "BB_MA20": 88.389,
      "BB_LOWER": 84.593004,
      "CLOSE": 85.9800033569336
    },
    "NASDAQ:MSFT": {
      "RSI14": 49.19,
      "ATR14": 3.422464,
      "BB_MA20": 515.733498,
      "BB_LOWER": 504.676039,
      "CLOSE": 513.5800170898438
    },
    "NASDAQ:AAPL": {
      "RSI14": 56.69,
      "ATR14": 2.622282,
      "BB_MA20": 253.492999,
      "BB_LOWER": 245.826557,
      "CLOSE": 252.2899932861328
    },
    "NASDAQ:GOOGL": {
      "RSI14": 65.44,
      "ATR14": 2.837089,
      "BB_MA20": 246.552499,
      "BB_LOWER": 238.468343,
      "CLOSE": 253.3000030517578
    },
    "NASDAQ:AMZN": {
      "RSI14": 38.5,
      "ATR14": 2.759383,
      "BB_MA20": 220.116001,
      "BB_LOWER": 212.509402,
      "CLOSE": 213.0399932861328
    },
    "NASDAQ:META": {
      "RSI14": 44.71,
      "ATR14": 9.026009,
      "BB_MA20": 728.14425,
      "BB_LOWER": 691.771066,
      "CLOSE": 716.9149780273438
    },
    "NASDAQ:AMD": {
      "RSI14": 71.46,
      "ATR14": 6.768171,
      "BB_MA20": 193.158999,
      "BB_LOWER": 129.305435,
      "CLOSE": 233.0800018310547
    },
    "NASDAQ:LRCX": {
      "RSI14": 60.49,
      "ATR14": 3.331662,
      "BB_MA20": 137.907971,
      "BB_LOWER": 124.705645,
      "CLOSE": 141.50999450683594
    },
    "NASDAQ:ASML": {
      "RSI14": 66.62,
      "ATR14": 17.873603,
      "BB_MA20": 987.116504,
      "BB_LOWER": 923.535038,
      "CLOSE": 1029.27001953125
    },
    "NYSE:COST": {
      "RSI14": 49.52,
      "ATR14": 9.642181,
      "BB_MA20": 929.791504,
      "BB_LOWER": 902.636545,
      "CLOSE": 936.3300170898438
    },
    "NYSE:UNH": {
      "RSI14": 58.27,
      "ATR14": 4.082261,
      "BB_MA20": 354.534499,
      "BB_LOWER": 338.575841,
      "CLOSE": 356.6000061035156
    },
    "NYSE:JPM": {
      "RSI14": 40.99,
      "ATR14": 3.002505,
      "BB_MA20": 307.577415,
      "BB_LOWER": 297.780723,
      "CLOSE": 297.55999755859375
    },
    "NYSE:BRK.B": {
      "RSI14": 47.68,
      "ATR14": 3.270378,
      "BB_MA20": 496.414999,
      "BB_LOWER": 488.774454,
      "CLOSE": 492.4200134277344
    },
    "NYSE:NVO": {
      "RSI14": 38.61,
      "ATR14": 0.937133,
      "BB_MA20": 57.72,
      "BB_LOWER": 54.14666,
      "CLOSE": 54.369998931884766
    },
    "NYSE:LLY": {
      "RSI14": 52.34,
      "ATR14": 12.478344,
      "BB_MA20": 798.066495,
      "BB_LOWER": 706.019782,
      "CLOSE": 802.8300170898438
    }
  },
  "cr": {
    "BINANCE:BTCUSDT": {
      "RSI14": 31.49,
      "ATR14": 2125.064729,
      "BB_MA20": 116564.589,
      "BB_LOWER": 105748.372815,
      "CLOSE": 107048.0
    },
    "BINANCE:ETHUSDT": {
      "RSI14": 34.84,
      "ATR14": 138.059881,
      "BB_MA20": 4235.187,
      "BB_LOWER": 3705.178799,
      "CLOSE": 3854.33
    },
    "BINANCE:SOLUSDT": {
      "RSI14": 32.63,
      "ATR14": 9.193914,
      "BB_MA20": 210.8515,
      "BB_LOWER": 175.212912,
      "CLOSE": 183.59
    },
    "BINANCE:LINKUSDT": {
      "RSI14": 27.49,
      "ATR14": 0.980427,
      "BB_MA20": 20.5435,
      "BB_LOWER": 16.190693,
      "CLOSE": 16.57
    },
    "BINANCE:XRPUSDT": {
      "RSI14": 25.77,
      "ATR14": 0.083172,
      "BB_MA20": 2.726085,
      "BB_LOWER": 2.213406,
      "CLOSE": 2.3117
    },
    "BINANCE:FETUSDT": {
      "RSI14": 13.91,
      "ATR14": 0.025911,
      "BB_MA20": 0.472895,
      "BB_LOWER": 0.222763,
      "CLOSE": 0.2695
    },
    "BINANCE:ADAUSDT": {
      "RSI14": 27.67,
      "ATR14": 0.032971,
      "BB_MA20": 0.76837,
      "BB_LOWER": 0.593135,
      "CLOSE": 0.6289
    },
    "BINANCE:DOTUSDT": {
      "RSI14": 26.32,
      "ATR14": 0.171527,
      "BB_MA20": 3.7325,
      "BB_LOWER": 2.676065,
      "CLOSE": 2.926
    },
    "BINANCE:ATOMUSDT": {
      "RSI14": 29.04,
      "ATR14": 0.175857,
      "BB_MA20": 3.82135,
      "BB_LOWER": 2.932713,
      "CLOSE": 3.182
    },
    "BINANCE:ARBUSDT": {
      "RSI14": 25.18,
      "ATR14": 0.022265,
      "BB_MA20": 0.38935,
      "BB_LOWER": 0.275967,
      "CLOSE": 0.3054
    },
    "BINANCE:OPUSDT": {
      "RSI14": 20.71,