{
  "generated_at_brt": "2025-10-20T15:59:57-03:00",
  "eq": {
    "NYSEARCA:VUG": {
      "RSI14": 57.88,
      "ATR14": 3.879983,
      "BB_MA20": 479.670499,
      "BB_LOWER": 471.110969,
      "CLOSE": 485.1189880371094
    },
    "NYSEARCA:IVW": {
      "RSI14": 56.96,
      "ATR14": 0.898216,
      "BB_MA20": 120.573006,
      "BB_LOWER": 118.695891,
      "CLOSE": 121.55010223388672
    },
    "NYSEARCA:IUSG": {
      "RSI14": 56.61,
      "ATR14": 1.203005,
      "BB_MA20": 164.3743,
      "BB_LOWER": 161.849214,
      "CLOSE": 165.5659942626953
    },
    "NYSEARCA:SGOV": {
      "RSI14": 97.03,
      "ATR14": 0.016632,
      "BB_MA20": 100.431778,
      "BB_LOWER": 100.254848,
      "CLOSE": 100.5770034790039
    },
    "NASDAQ:QQQM": {
      "RSI14": 61.05,
      "ATR14": 2.003447,
      "BB_MA20": 247.763501,
      "BB_LOWER": 242.985658,
      "CLOSE": 252.00999450683594
    },
    "NASDAQ:SOXX": {
      "RSI14": 63.64,
      "ATR14": 4.818896,
      "BB_MA20": 279.998999,
      "BB_LOWER": 262.683638,
      "CLOSE": 293.5799865722656
    },
    "NASDAQ:NVDA": {
      "RSI14": 51.07,
      "ATR14": 2.863236,
      "BB_MA20": 183.779501,
      "BB_LOWER": 175.142126,
      "CLOSE": 183.5
    },
    "NASDAQ:AVGO": {
      "RSI14": 54.92,
      "ATR14": 6.760742,
      "BB_MA20": 340.434503,
      "BB_LOWER": 323.316472,
      "CLOSE": 349.3700866699219
    },
    "NYSE:TSM": {
      "RSI14": 58.01,
      "ATR14": 6.729211,
      "BB_MA20": 290.657008,
      "BB_LOWER": 269.824274,
      "CLOSE": 298.460205078125
    },
    "NYSE:PLTR": {
      "RSI14": 55.64,
      "ATR14": 3.169897,
      "BB_MA20": 180.311,
      "BB_LOWER": 173.553172,
      "CLOSE": 182.05999755859375
    },
    "NYSE:VST": {
      "RSI14": 43.52,
      "ATR14": 5.125424,
      "BB_MA20": 203.025,
      "BB_LOWER": 193.396719,
      "CLOSE": 194.25
    },
    "NYSEARCA:ARGT": {
      "RSI14": 45.95,
      "ATR14": 1.379156,
      "BB_MA20": 71.468,
      "BB_LOWER": 66.743535,
      "CLOSE": 70.97000122070312
    },
    "NYSEARCA:SPY": {
      "RSI14": 59.37,
      "ATR14": 4.042901,
      "BB_MA20": 665.306494,
      "BB_LOWER": 655.211874,
      "CLOSE": 671.719970703125
    },
    "NYSEARCA:VOO": {
      "RSI14": 59.47,
      "ATR14": 3.684659,
      "BB_MA20": 611.647659,
      "BB_LOWER": 602.379983,
      "CLOSE": 617.5650024414062
    },
    "NYSEARCA:VTI": {
      "RSI14": 59.06,
      "ATR14": 2.057822,
      "BB_MA20": 327.972803,
      "BB_LOWER": 323.025665,
      "CLOSE": 331.1300964355469
    },
    "NASDAQ:QQQ": {
      "RSI14": 61.05,
      "ATR14": 4.897116,
      "BB_MA20": 601.867767,
      "BB_LOWER": 590.233499,
      "CLOSE": 612.285400390625
    },
    "NYSEARCA:XLK": {
      "RSI14": 60.53,
      "ATR14": 2.758997,
      "BB_MA20": 283.749501,
      "BB_LOWER": 276.120317,
      "CLOSE": 288.69000244140625
    },
    "NYSEARCA:SMH": {
      "RSI14": 63.77,
      "ATR14": 5.069675,
      "BB_MA20": 334.473497,
      "BB_LOWER": 315.833594,
      "CLOSE": 347.94000244140625
    },
    "NYSEARCA:IJR": {
      "RSI14": 55.28,
      "ATR14": 1.179631,
      "BB_MA20": 118.42021,
      "BB_LOWER": 115.830175,
      "CLOSE": 119.5342025756836
    },
    "NYSEARCA:IWF": {
      "RSI14": 57.87,
      "ATR14": 3.66574,
      "BB_MA20": 468.314998,
      "BB_LOWER": 460.407744,
      "CLOSE": 473.05999755859375
    },
    "NYSEARCA:IWD": {
      "RSI14": 58.4,
      "ATR14": 1.165172,
      "BB_MA20": 203.244203,
      "BB_LOWER": 200.384436,
      "CLOSE": 204.96409606933594
    },
    "NYSEARCA:XLV": {
      "RSI14": 67.43,
      "ATR14": 0.9044,
      "BB_MA20": 141.286,
      "BB_LOWER": 134.396157,
      "CLOSE": 144.61000061035156
    },
    "NYSEARCA:XLF": {
      "RSI14": 47.38,
      "ATR14": 0.41546,
      "BB_MA20": 53.27575,
      "BB_LOWER": 52.023371,
      "CLOSE": 52.814998626708984
    },
    "NYSEARCA:XLE": {
      "RSI14": 45.85,
      "ATR14": 0.76445,
      "BB_MA20": 88.342,
      "BB_LOWER": 84.488714,
      "CLOSE": 86.7300033569336
    },
    "NASDAQ:MSFT": {
      "RSI14": 51.88,
      "ATR14": 3.442475,
      "BB_MA20": 515.846022,
      "BB_LOWER": 504.797298,
      "CLOSE": 516.7005004882812
    },
    "NASDAQ:AAPL": {
      "RSI14": 67.28,
      "ATR14": 3.22323,
      "BB_MA20": 253.851499,
      "BB_LOWER": 245.135907,
      "CLOSE": 263.25
    },
    "NASDAQ:GOOGL": {
      "RSI14": 67.83,
      "ATR14": 2.831003,
      "BB_MA20": 246.75175,
      "BB_LOWER": 237.925708,
      "CLOSE": 256.5150146484375
    },
    "NASDAQ:AMZN": {
      "RSI14": 42.76,
      "ATR14": 2.780966,
      "BB_MA20": 219.547751,
      "BB_LOWER": 212.602054,
      "CLOSE": 216.26499938964844
    },
    "NASDAQ:META": {
      "RSI14": 50.39,
      "ATR14": 9.485048,
      "BB_MA20": 726.508127,
      "BB_LOWER": 694.229286,
      "CLOSE": 732.4324951171875
    },
    "NASDAQ:AMD": {
      "RSI14": 73.94,
      "ATR14": 6.959509,
      "BB_MA20": 197.281999,
      "BB_LOWER": 131.947719,
      "CLOSE": 242.25
    },
    "NASDAQ:LRCX": {
      "RSI14": 61.93,
      "ATR14": 3.303799,
      "BB_MA20": 138.515498,
      "BB_LOWER": 125.349483,
      "CLOSE": 144.08999633789062
    },
    "NASDAQ:ASML": {
      "RSI14": 68.69,
      "ATR14": 17.675471,
      "BB_MA20": 991.449252,
      "BB_LOWER": 924.717251,
      "CLOSE": 1044.4549560546875
    },
    "NYSE:COST": {
      "RSI14": 48.4,
      "ATR14": 9.161446,
      "BB_MA20": 929.315002,
      "BB_LOWER": 902.79509,
      "CLOSE": 933.72998046875
    },
    "NYSE:UNH": {
      "RSI14": 63.69,
      "ATR14": 4.344286,
      "BB_MA20": 355.671999,
      "BB_LOWER": 340.421373,
      "CLOSE": 364.04998779296875
    },
    "NYSE:JPM": {
      "RSI14": 48.01,
      "ATR14": 3.159427,
      "BB_MA20": 307.167998,
      "BB_LOWER": 297.28169,
      "CLOSE": 302.739990234375
    },
    "NYSE:BRK.B": {
      "RSI14": 48.76,
      "ATR14": 3.100662,
      "BB_MA20": 496.37625,
      "BB_LOWER": 488.673614,
      "CLOSE": 492.93499755859375
    },
    "NYSE:NVO": {
      "RSI14": 45.92,
      "ATR14": 0.987873,
      "BB_MA20": 57.477751,
      "BB_LOWER": 54.0963,
      "CLOSE": 55.8650016784668
    },
    "NYSE:LLY": {
      "RSI14": 54.0,
      "ATR14": 11.827293,
      "BB_MA20": 800.59989,
      "BB_LOWER": 710.674791,
      "CLOSE": 805.617919921875
    }
  },
  "cr": {
    "BINANCE:BTCUSDT": {
      "RSI14": 38.37,
      "ATR14": 2195.599492,
      "BB_MA20": 115845.816,
      "BB_LOWER": 103693.83736,
      "CLOSE": 110937.91
    },
    "BINANCE:ETHUSDT": {
      "RSI14": 34.78,
      "ATR14": 138.481108,
      "BB_MA20": 4201.2375,
      "BB_LOWER": 3629.621816,
      "CLOSE": 3974.36
    },
    "BINANCE:SOLUSDT": {
      "RSI14": 31.83,
      "ATR14": 8.746476,
      "BB_MA20": 207.338,
      "BB_LOWER": 167.91452,
      "CLOSE": 188.2
    },
    "BINANCE:LINKUSDT": {
      "RSI14": 38.37,
      "ATR14": 0.973329,
      "BB_MA20": 19.959,
      "BB_LOWER": 15.236565,
      "CLOSE": 18.88
    },
    "BINANCE:XRPUSDT": {
      "RSI14": 34.56,
      "ATR14": 0.084998,
      "BB_MA20": 2.65678,
      "BB_LOWER": 2.111891,
      "CLOSE": 2.4759
    },
    "BINANCE:FETUSDT": {
      "RSI14": 19.01,
      "ATR14": 0.025403,
      "BB_MA20": 0.429295,
      "BB_LOWER": 0.159087,
      "CLOSE": 0.2774
    },
    "BINANCE:ADAUSDT": {
      "RSI14": 30.45,
      "ATR14": 0.032582,
      "BB_MA20": 0.744615,
      "BB_LOWER": 0.554272,
      "CLOSE": 0.6641
    },
    "BINANCE:DOTUSDT": {
      "RSI14": 30.71,
      "ATR14": 0.160284,
      "BB_MA20": 3.58785,
      "BB_LOWER": 2.435665,
      "CLOSE": 3.086
    },
    "BINANCE:ATOMUSDT": {
      "RSI14": 31.21,
      "ATR14": 0.158821,
      "BB_MA20": 3.68475,
      "BB_LOWER": 2.749877,
      "CLOSE": 3.281
    },
    "BINANCE:ARBUSDT": {
      "RSI14": 27.28,
      "ATR14": 0.020556,
      "BB_MA20": 0.373195,
      "BB_LOWER": 0.253117,
      "CLOSE": 0.3212
    },
    "BINANCE:OPUSDT": {
      "RSI14": 21.77,
      "ATR14": 0.03304,