{
  "generated_at_brt": "2025-10-21T16:49:28-03:00",
  "eq": {
    "NYSEARCA:VUG": {
      "RSI14": 57.84,
      "ATR14": 3.599695,
      "BB_MA20": 479.978287,
      "BB_LOWER": 471.175015,
      "CLOSE": 485.0450134277344
    },
    "NYSEARCA:IVW": {
      "RSI14": 56.1,
      "ATR14": 0.8315,
      "BB_MA20": 120.612751,
      "BB_LOWER": 118.720505,
      "CLOSE": 121.33499908447266
    },
    "NYSEARCA:IUSG": {
      "RSI14": 56.23,
      "ATR14": 1.120403,
      "BB_MA20": 164.434,
      "BB_LOWER": 161.870493,
      "CLOSE": 165.4499969482422
    },
    "NYSEARCA:SGOV": {
      "RSI14": 97.3,
      "ATR14": 0.016935,
      "BB_MA20": 100.447173,
      "BB_LOWER": 100.267661,
      "CLOSE": 100.59809875488281
    },
    "NASDAQ:QQQM": {
      "RSI14": 60.94,
      "ATR14": 1.855191,
      "BB_MA20": 248.034501,
      "BB_LOWER": 243.022612,
      "CLOSE": 251.9199981689453
    },
    "NASDAQ:SOXX": {
      "RSI14": 62.1,
      "ATR14": 4.520302,
      "BB_MA20": 281.08125,
      "BB_LOWER": 263.830701,
      "CLOSE": 291.7650146484375
    },
    "NASDAQ:NVDA": {
      "RSI14": 48.39,
      "ATR14": 2.767545,
      "BB_MA20": 183.884751,
      "BB_LOWER": 175.50515,
      "CLOSE": 181.39500427246094
    },
    "NASDAQ:AVGO": {
      "RSI14": 50.47,
      "ATR14": 6.826141,
      "BB_MA20": 340.561497,
      "BB_LOWER": 323.463822,
      "CLOSE": 341.6099853515625
    },
    "NYSE:TSM": {
      "RSI14": 55.96,
      "ATR14": 6.386705,
      "BB_MA20": 291.236499,
      "BB_LOWER": 270.702414,
      "CLOSE": 295.05999755859375
    },
    "NYSE:PLTR": {
      "RSI14": 55.24,
      "ATR14": 2.916945,
      "BB_MA20": 180.24275,
      "BB_LOWER": 173.555178,
      "CLOSE": 181.65499877929688
    },
    "NYSE:VST": {
      "RSI14": 39.4,
      "ATR14": 5.256414,
      "BB_MA20": 202.177,
      "BB_LOWER": 190.383556,
      "CLOSE": 187.2899932861328
    },
    "NYSEARCA:ARGT": {
      "RSI14": 44.92,
      "ATR14": 1.309981,
      "BB_MA20": 71.256,
      "BB_LOWER": 66.802027,
      "CLOSE": 70.56999969482422
    },
    "NYSEARCA:SPY": {
      "RSI14": 59.63,
      "ATR14": 3.778765,
      "BB_MA20": 665.726743,
      "BB_LOWER": 655.318658,
      "CLOSE": 672.0349731445312
    },
    "NYSEARCA:VOO": {
      "RSI14": 59.77,
      "ATR14": 3.4467,
      "BB_MA20": 612.032608,
      "BB_LOWER": 602.466993,
      "CLOSE": 617.8900146484375
    },
    "NYSEARCA:VTI": {
      "RSI14": 59.31,
      "ATR14": 1.922461,
      "BB_MA20": 328.168774,
      "BB_LOWER": 323.053937,
      "CLOSE": 331.2799987792969
    },
    "NASDAQ:QQQ": {
      "RSI14": 60.89,
      "ATR14": 4.52931,
      "BB_MA20": 602.519495,
      "BB_LOWER": 590.336596,
      "CLOSE": 611.97998046875
    },
    "NYSEARCA:XLK": {
      "RSI14": 60.49,
      "ATR14": 2.559477,
      "BB_MA20": 284.144501,
      "BB_LOWER": 276.470185,
      "CLOSE": 288.6199951171875
    },
    "NYSEARCA:SMH": {
      "RSI14": 62.08,
      "ATR14": 4.75873,
      "BB_MA20": 335.644246,
      "BB_LOWER": 317.440592,
      "CLOSE": 345.8349914550781
    },
    "NYSEARCA:IJR": {
      "RSI14": 56.22,
      "ATR14": 1.119073,
      "BB_MA20": 118.442499,
      "BB_LOWER": 115.812054,
      "CLOSE": 119.86000061035156
    },
    "NYSEARCA:IWF": {
      "RSI14": 57.84,
      "ATR14": 3.400891,
      "BB_MA20": 468.557999,
      "BB_LOWER": 460.441123,
      "CLOSE": 472.989990234375
    },
    "NYSEARCA:IWD": {
      "RSI14": 59.37,
      "ATR14": 1.107643,
      "BB_MA20": 203.375999,
      "BB_LOWER": 200.399675,
      "CLOSE": 205.32000732421875
    },
    "NYSEARCA:XLV": {
      "RSI14": 69.04,
      "ATR14": 0.883709,
      "BB_MA20": 141.709879,
      "BB_LOWER": 134.902345,
      "CLOSE": 145.2375946044922
    },
    "NYSEARCA:XLF": {
      "RSI14": 47.4,
      "ATR14": 0.385912,
      "BB_MA20": 53.22725,
      "BB_LOWER": 51.978516,
      "CLOSE": 52.814998626708984
    },
    "NYSEARCA:XLE": {
      "RSI14": 46.07,
      "ATR14": 0.729387,
      "BB_MA20": 88.22925,
      "BB_LOWER": 84.349062,
      "CLOSE": 86.76499938964844
    },
    "NASDAQ:MSFT": {
      "RSI14": 52.59,
      "ATR14": 3.244306,
      "BB_MA20": 516.257745,
      "BB_LOWER": 505.620939,
      "CLOSE": 517.375
    },
    "NASDAQ:AAPL": {
      "RSI14": 67.05,
      "ATR14": 2.971717,
      "BB_MA20": 254.223495,
      "BB_LOWER": 244.83997,
      "CLOSE": 262.8799133300781
    },
    "NASDAQ:GOOGL": {
      "RSI14": 59.28,
      "ATR14": 3.011821,
      "BB_MA20": 246.731499,
      "BB_LOWER": 237.944629,
      "CLOSE": 251.22000122070312
    },
    "NASDAQ:AMZN": {
      "RSI14": 50.95,
      "ATR14": 3.013372,
      "BB_MA20": 219.63875,
      "BB_LOWER": 212.62463,
      "CLOSE": 222.31500244140625
    },
    "NASDAQ:META": {
      "RSI14": 50.77,
      "ATR14": 8.875848,
      "BB_MA20": 725.3935,
      "BB_LOWER": 695.748696,
      "CLOSE": 733.3699951171875
    },
    "NASDAQ:AMD": {
      "RSI14": 72.2,
      "ATR14": 6.463159,
      "BB_MA20": 201.101505,
      "BB_LOWER": 135.806766,
      "CLOSE": 238.9801025390625
    },
    "NASDAQ:LRCX": {
      "RSI14": 62.67,
      "ATR14": 3.128732,
      "BB_MA20": 139.176999,
      "BB_LOWER": 126.123747,
      "CLOSE": 144.94000244140625
    },
    "NASDAQ:ASML": {
      "RSI14": 63.78,
      "ATR14": 17.437916,
      "BB_MA20": 994.441507,
      "BB_LOWER": 927.751975,
      "CLOSE": 1025.6600341796875
    },
    "NYSE:COST": {
      "RSI14": 49.89,
      "ATR14": 8.445631,
      "BB_MA20": 929.127005,
      "BB_LOWER": 903.031862,
      "CLOSE": 937.4600219726562
    },
    "NYSE:UNH": {
      "RSI14": 65.36,
      "ATR14": 4.228136,
      "BB_MA20": 356.648944,
      "BB_LOWER": 341.084207,
      "CLOSE": 366.79888916015625
    },
    "NYSE:JPM": {
      "RSI14": 42.78,
      "ATR14": 3.233548,
      "BB_MA20": 306.478154,
      "BB_LOWER": 295.954037,
      "CLOSE": 297.80999755859375
    },
    "NYSE:BRK.B": {
      "RSI14": 48.37,
      "ATR14": 3.059415,
      "BB_MA20": 496.359499,
      "BB_LOWER": 488.626373,
      "CLOSE": 492.6199951171875
    },
    "NYSE:NVO": {
      "RSI14": 42.18,
      "ATR14": 0.97902,
      "BB_MA20": 57.2325,
      "BB_LOWER": 53.782277,
      "CLOSE": 54.7599983215332
    },
    "NYSE:LLY": {
      "RSI14": 53.3,
      "ATR14": 11.544157,
      "BB_MA20": 803.627997,
      "BB_LOWER": 717.104236,
      "CLOSE": 804.2000122070312
    }
  },
  "cr": {
    "BINANCE:BTCUSDT": {
      "RSI14": 45.29,
      "ATR14": 1885.444684,
      "BB_MA20": 115491.3275,
      "BB_LOWER": 103260.936422,
      "CLOSE": 111911.04
    },
    "BINANCE:ETHUSDT": {
      "RSI14": 44.16,
      "ATR14": 105.543143,
      "BB_MA20": 4184.3585,
      "BB_LOWER": 3611.196618,
      "CLOSE": 4005.59
    },
    "BINANCE:SOLUSDT": {
      "RSI14": 40.01,
      "ATR14": 7.539017,
      "BB_MA20": 206.029,
      "BB_LOWER": 166.955206,
      "CLOSE": 194.35
    },
    "BINANCE:LINKUSDT": {
      "RSI14": 42.27,
      "ATR14": 0.785929,
      "BB_MA20": 19.728,
      "BB_LOWER": 15.09641,
      "CLOSE": 18.18
    },
    "BINANCE:XRPUSDT": {
      "RSI14": 40.93,
      "ATR14": 0.069748,
      "BB_MA20": 2.63505,
      "BB_LOWER": 2.104076,
      "CLOSE": 2.495
    },
    "BINANCE:FETUSDT": {
      "RSI14": 19.95,
      "ATR14": 0.022477,
      "BB_MA20": 0.41209,
      "BB_LOWER": 0.142319,
      "CLOSE": 0.2581
    },
    "BINANCE:ADAUSDT": {
      "RSI14": 37.01,
      "ATR14": 0.026225,
      "BB_MA20": 0.73554,
      "BB_LOWER": 0.549034,
      "CLOSE": 0.6709
    },
    "BINANCE:DOTUSDT": {
      "RSI14": 36.75,
      "ATR14": 0.134667,
      "BB_MA20": 3.5385,
      "BB_LOWER": 2.398255,
      "CLOSE": 3.139
    },
    "BINANCE:ATOMUSDT": {
      "RSI14": 38.4,
      "ATR14": 0.125903,
      "BB_MA20": 3.6432,
      "BB_LOWER": 2.718375,
      "CLOSE": 3.313
    },
    "BINANCE:ARBUSDT": {
      "RSI14": 37.99,
      "ATR14": 0.014825,
      "BB_MA20": 0.367835,
      "BB_LOWER": 0.24978,
      "CLOSE": 0.3272
    },
    "BINANCE:OPUSDT": {
      "RSI14": 29.86,