{
  "generated_at_brt": "2025-10-17T16:39:05-0300",
  "eq": {
    "NYSEARCA:VUG": {
      "RSI14": 51.24,
      "ATR14": 7.123771,
      "BB_MA20": 479.7805,
      "BB_LOWER": 471.527221
    },
    "NYSEARCA:IVW": {
      "RSI14": 51.53,
      "ATR14": 1.766393,
      "BB_MA20": 120.586,
      "BB_LOWER": 118.69974
    },
    "NYSEARCA:IUSG": {
      "RSI14": 51.14,
      "ATR14": 2.359864,
      "BB_MA20": 164.40022,
      "BB_LOWER": 161.846151
    },
    "NYSEARCA:SGOV": {
      "RSI14": 38.18,
      "ATR14": 0.042857,
      "BB_MA20": 100.538,
      "BB_LOWER": 100.324122
    },
    "NASDAQ:QQQM": {
      "RSI14": 54.39,
      "ATR14": 3.789286,
      "BB_MA20": 247.585,
      "BB_LOWER": 243.187426
    },
    "NASDAQ:SOXX": {
      "RSI14": 61.34,
      "ATR14": 8.817371,
      "BB_MA20": 278.8405,
      "BB_LOWER": 262.101055
    },
    "NASDAQ:NVDA": {
      "RSI14": 52.25,
      "ATR14": 5.969993,
      "BB_MA20": 183.819,
      "BB_LOWER": 175.186017
    },
    "NASDAQ:AVGO": {
      "RSI14": 60.54,
      "ATR14": 14.674414,
      "BB_MA20": 339.92325,
      "BB_LOWER": 323.25466
    },
    "NYSE:TSM": {
      "RSI14": 60.26,
      "ATR14": 12.484521,
      "BB_MA20": 289.482,
      "BB_LOWER": 267.425143
    },
    "NYSE:PLTR": {
      "RSI14": 50.16,
      "ATR14": 8.244993,
      "BB_MA20": 180.218175,
      "BB_LOWER": 173.538951
    },
    "NYSE:VST": {
      "RSI14": 53.28,
      "ATR14": 9.6276,
      "BB_MA20": 204.2545,
      "BB_LOWER": 193.52221
    },
    "NYSEARCA:ARGT": {
      "RSI14": 47.79,
      "ATR14": 2.552814,
      "BB_MA20": 71.64725,
      "BB_LOWER": 66.763633
    },
    "NYSEARCA:SPY": {
      "RSI14": 51.63,
      "ATR14": 8.105757,
      "BB_MA20": 665.121,
      "BB_LOWER": 655.433247
    },
    "NYSEARCA:VOO": {
      "RSI14": 51.64,
      "ATR14": 7.38525,
      "BB_MA20": 611.90963,
      "BB_LOWER": 603.431368
    },
    "NYSEARCA:VTI": {
      "RSI14": 51.29,
      "ATR14": 4.098643,
      "BB_MA20": 328.1185,
      "BB_LOWER": 323.568294
    },
    "NASDAQ:QQQ": {
      "RSI14": 54.41,
      "ATR14": 9.237179,
      "BB_MA20": 601.431995,
      "BB_LOWER": 590.735336
    },
    "NYSEARCA:XLK": {
      "RSI14": 56.13,
      "ATR14": 5.308879,
      "BB_MA20": 283.484,
      "BB_LOWER": 276.152914
    },
    "NYSEARCA:SMH": {
      "RSI14": 61.68,
      "ATR14": 9.532764,
      "BB_MA20": 333.2395,
      "BB_LOWER": 314.820977
    },
    "NYSEARCA:IJR": {
      "RSI14": 47.28,
      "ATR14": 2.036786,
      "BB_MA20": 118.4275,
      "BB_LOWER": 115.840967
    },
    "NYSEARCA:IWF": {
      "RSI14": 51.62,
      "ATR14": 6.976379,
      "BB_MA20": 468.35375,
      "BB_LOWER": 460.508942
    },
    "NYSEARCA:IWD": {
      "RSI14": 49.79,
      "ATR14": 2.313214,
      "BB_MA20": 203.1355,
      "BB_LOWER": 200.374106
    },
    "NYSEARCA:XLV": {
      "RSI14": 74.8,
      "ATR14": 2.066271,
      "BB_MA20": 140.8905,
      "BB_LOWER": 133.888596
    },
    "NYSEARCA:XLF": {
      "RSI14": 35.06,
      "ATR14": 0.835071,
      "BB_MA20": 53.343,
      "BB_LOWER": 52.098892
    },
    "NYSEARCA:XLE": {
      "RSI14": 28.63,
      "ATR14": 1.530357,
      "BB_MA20": 88.3885,
      "BB_LOWER": 84.591231
    },
    "NASDAQ:MSFT": {
      "RSI14": 50.78,
      "ATR14": 8.55985,
      "BB_MA20": 515.824,
      "BB_LOWER": 504.808979
    },
    "NASDAQ:AAPL": {
      "RSI14": 47.15,
      "ATR14": 4.618857,
      "BB_MA20": 253.5125,
      "BB_LOWER": 245.856418
    },
    "NASDAQ:GOOGL": {
      "RSI14": 61.99,
      "ATR14": 5.987429,
      "BB_MA20": 246.568,
      "BB_LOWER": 238.431137
    },
    "NASDAQ:AMZN": {
      "RSI14": 38.65,
      "ATR14": 5.547493,
      "BB_MA20": 220.139,
      "BB_LOWER": 212.615801
    },
    "NASDAQ:META": {
      "RSI14": 40.97,
      "ATR14": 18.170707,
      "BB_MA20": 728.15475,
      "BB_LOWER": 691.794408
    },
    "NASDAQ:AMD": {
      "RSI14": 77.41,
      "ATR14": 15.083843,
      "BB_MA20": 193.2189,
      "BB_LOWER": 129.213585
    },
    "NASDAQ:LRCX": {
      "RSI14": 59.56,
      "ATR14": 6.418386,
      "BB_MA20": 137.972,
      "BB_LOWER": 124.771548
    },
    "NASDAQ:ASML": {
      "RSI14": 61.82,
      "ATR14": 31.820121,
      "BB_MA20": 987.146,
      "BB_LOWER": 923.485846
    },
    "NYSE:COST": {
      "RSI14": 56.99,
      "ATR14": 15.474543,
      "BB_MA20": 929.744375,
      "BB_LOWER": 902.631728
    },
    "NYSE:UNH": {
      "RSI14": 61.82,
      "ATR14": 9.081421,
      "BB_MA20": 354.6235,
      "BB_LOWER": 338.600047
    },
    "NYSE:JPM": {
      "RSI14": 31.12,
      "ATR14": 7.485043,
      "BB_MA20": 308.3505,
      "BB_LOWER": 297.43478
    },
    "NYSE:BRK.B": {
      "RSI14": 43.6,
      "ATR14": 6.83685,
      "BB_MA20": 496.4435,
      "BB_LOWER": 488.85872
    },
    "NYSE:NVO": {
      "RSI14": 45.64,
      "ATR14": 1.634843,
      "BB_MA20": 57.721,
      "BB_LOWER": 54.151401
    },
    "NYSE:LLY": {
      "RSI14": 67.03,
      "ATR14": 26.184321,
      "BB_MA20": 798.063,
      "BB_LOWER": 706.016999
    }
  },
  "cr": {
    "BINANCE:BTCUSDT": {
      "RSI14": 26.45,
      "ATR14": 5135.305,
      "BB_MA20": 116529.3515,
      "BB_LOWER": 105585.511827
    },
    "BINANCE:ETHUSDT": {
      "RSI14": 34.46,
      "ATR14": 311.703571,
      "BB_MA20": 4233.426,
      "BB_LOWER": 3698.159812
    },
    "BINANCE:SOLUSDT": {
      "RSI14": 31.78,
      "ATR14": 18.460714,
      "BB_MA20": 210.7555,
      "BB_LOWER": 174.814629
    },
    "BINANCE:LINKUSDT": {
      "RSI14": 30.48,
      "ATR14": 2.640714,
      "BB_MA20": 20.5295,
      "BB_LOWER": 16.124178
    },
    "BINANCE:XRPUSDT": {
      "RSI14": 21.54,
      "ATR14": 0.262907,
      "BB_MA20": 2.72521,
      "BB_LOWER": 2.209653
    },
    "BINANCE:FETUSDT": {
      "RSI14": 9.31,
      "ATR14": 0.06605,
      "BB_MA20": 0.472715,
      "BB_LOWER": 0.221993
    },
    "BINANCE:ADAUSDT": {
      "RSI14": 27.62,
      "ATR14": 0.092636,
      "BB_MA20": 0.76804,
      "BB_LOWER": 0.591734
    },
    "BINANCE:DOTUSDT": {
      "RSI14": 25.61,
      "ATR14": 0.530857,
      "BB_MA20": 3.73105,
      "BB_LOWER": 2.670121
    },
    "BINANCE:ATOMUSDT": {
      "RSI14": 31.45,
      "ATR14": 0.553786,
      "BB_MA20": 3.82,
      "BB_LOWER": 2.927408
    },
    "BINANCE:ARBUSDT": {
      "RSI14": 28.74,
      "ATR14": 0.054229,
      "BB_MA20": 0.389165,
      "BB_LOWER": 0.275224
    },
    "BINANCE:OPUSDT": {
      "RSI14": 19.51,
      "ATR14": 0.087807,
      "BB_MA20": 0.615415,
      "BB_LOWER": 0.365159
    },
    "BINANCE:AAVEUSDT": {
      "RSI14": 28.82,
      "ATR14": 34.355714,
      "BB_MA20": 264.4095,
      "BB_LOWER": 212.418767
    },
    "BINANCE:UNIUSDT": {
      "RSI14": 32.37,
      "ATR14": 0.986786,
      "BB_MA20": 7.34835,
      "BB_LOWER": 5.655796
    },
    "BINANCE:LTCUSDT": {
      "RSI14": 25.0,
      "ATR14": 12.869286,
      "BB_MA20": 107.922,
      "BB_LOWER": 85.22747
    },
    "BINANCE:TRXUSDT": {
      "RSI14": 27.3,
      "ATR14": 0.010857,
      "BB_MA20": 0.33084,
      "BB_LOWER": 0.307692
    },
    "BINANCE:TONUSDT": {
      "RSI14": 25.79,
      "ATR14": 0.300714,
      "BB_MA20": 2.54765,
      "BB_LOWER": 1.959859
    },
    "BINANCE:NEARUSDT": {
      "RSI14": 24.4,
      "ATR14": 0.326357,
      "BB_MA20": 2.68375,
      "BB_LOWER": 2.09579
    },
    "BINANCE:INJUSDT": {
      "RSI14": 23.22,
      "ATR14": 1.610714,
      "BB_MA20": 11.131,
      "BB_LOWER": 7.522838
    }
  },
  "errors": []
}