{
  "generated_at_brt": "2025-10-17T16:57:42-0300",
  "eq": {
    "NYSEARCA:VUG": {
      "RSI14": 50.64,
      "ATR14": 7.126564,
      "BB_MA20": 479.746,
      "BB_LOWER": 471.481722
    },
    "NYSEARCA:IVW": {
      "RSI14": 50.78,
      "ATR14": 1.766393,
      "BB_MA20": 120.576,
      "BB_LOWER": 118.687176
    },
    "NYSEARCA:IUSG": {
      "RSI14": 50.49,
      "ATR14": 2.359864,
      "BB_MA20": 164.388705,
      "BB_LOWER": 161.830858
    },
    "NYSEARCA:SGOV": {
      "RSI14": 38.18,
      "ATR14": 0.042857,
      "BB_MA20": 100.538,
      "BB_LOWER": 100.324122
    },
    "NASDAQ:QQQM": {
      "RSI14": 53.89,
      "ATR14": 3.789286,
      "BB_MA20": 247.5685,
      "BB_LOWER": 243.192112
    },
    "NASDAQ:SOXX": {
      "RSI14": 61.14,
      "ATR14": 8.817371,
      "BB_MA20": 278.8265,
      "BB_LOWER": 262.119793
    },
    "NASDAQ:NVDA": {
      "RSI14": 51.58,
      "ATR14": 5.969993,
      "BB_MA20": 183.7874,
      "BB_LOWER": 175.151208
    },
    "NASDAQ:AVGO": {
      "RSI14": 59.65,
      "ATR14": 14.674414,
      "BB_MA20": 339.84625,
      "BB_LOWER": 323.345364
    },
    "NYSE:TSM": {
      "RSI14": 60.07,
      "ATR14": 12.484521,
      "BB_MA20": 289.464,
      "BB_LOWER": 267.432479
    },
    "NYSE:PLTR": {
      "RSI14": 49.52,
      "ATR14": 8.244993,
      "BB_MA20": 180.1855,
      "BB_LOWER": 173.476889
    },
    "NYSE:VST": {
      "RSI14": 53.41,
      "ATR14": 9.6276,
      "BB_MA20": 204.2625,
      "BB_LOWER": 193.535902
    },
    "NYSEARCA:ARGT": {
      "RSI14": 47.41,
      "ATR14": 2.552814,
      "BB_MA20": 71.63875,
      "BB_LOWER": 66.753859
    },
    "NYSEARCA:SPY": {
      "RSI14": 50.94,
      "ATR14": 8.105757,
      "BB_MA20": 665.08025,
      "BB_LOWER": 655.39337
    },
    "NYSEARCA:VOO": {
      "RSI14": 51.0,
      "ATR14": 7.38525,
      "BB_MA20": 611.875,
      "BB_LOWER": 603.390434
    },
    "NYSEARCA:VTI": {
      "RSI14": 50.59,
      "ATR14": 4.098643,
      "BB_MA20": 328.0975,
      "BB_LOWER": 323.538847
    },
    "NASDAQ:QQQ": {
      "RSI14": 53.85,
      "ATR14": 9.237179,
      "BB_MA20": 601.3865,
      "BB_LOWER": 590.748453
    },
    "NYSEARCA:XLK": {
      "RSI14": 55.65,
      "ATR14": 5.308879,
      "BB_MA20": 283.46,
      "BB_LOWER": 276.155388
    },
    "NYSEARCA:SMH": {
      "RSI14": 61.41,
      "ATR14": 9.532764,
      "BB_MA20": 333.208,
      "BB_LOWER": 314.860632
    },
    "NYSEARCA:IJR": {
      "RSI14": 46.85,
      "ATR14": 2.036786,
      "BB_MA20": 118.42,
      "BB_LOWER": 115.824219
    },
    "NYSEARCA:IWF": {
      "RSI14": 51.0,
      "ATR14": 6.976379,
      "BB_MA20": 468.3205,
      "BB_LOWER": 460.469005
    },
    "NYSEARCA:IWD": {
      "RSI14": 49.4,
      "ATR14": 2.313214,
      "BB_MA20": 203.12925,
      "BB_LOWER": 200.367449
    },
    "NYSEARCA:XLV": {
      "RSI14": 74.83,
      "ATR14": 2.070243,
      "BB_MA20": 140.89125,
      "BB_LOWER": 133.888294
    },
    "NYSEARCA:XLF": {
      "RSI14": 34.23,
      "ATR14": 0.835071,
      "BB_MA20": 53.33925,
      "BB_LOWER": 52.082682
    },
    "NYSEARCA:XLE": {
      "RSI14": 28.49,
      "ATR14": 1.530357,
      "BB_MA20": 88.3875,
      "BB_LOWER": 84.587674
    },
    "NASDAQ:MSFT": {
      "RSI14": 49.85,
      "ATR14": 8.55985,
      "BB_MA20": 515.777,
      "BB_LOWER": 504.746961
    },
    "NASDAQ:AAPL": {
      "RSI14": 47.93,
      "ATR14": 4.658857,
      "BB_MA20": 253.5355,
      "BB_LOWER": 245.8868
    },
    "NASDAQ:GOOGL": {
      "RSI14": 61.48,
      "ATR14": 5.987429,
      "BB_MA20": 246.5415,
      "BB_LOWER": 238.49358
    },
    "NASDAQ:AMZN": {
      "RSI14": 38.14,
      "ATR14": 5.547493,
      "BB_MA20": 220.113,
      "BB_LOWER": 212.495205
    },
    "NASDAQ:META": {
      "RSI14": 41.28,
      "ATR14": 18.21785,
      "BB_MA20": 728.1935,
      "BB_LOWER": 691.878636
    },
    "NASDAQ:AMD": {
      "RSI14": 77.22,
      "ATR14": 15.083843,
      "BB_MA20": 193.202,
      "BB_LOWER": 129.239895
    },
    "NASDAQ:LRCX": {
      "RSI14": 59.38,
      "ATR14": 6.418386,
      "BB_MA20": 137.9635,
      "BB_LOWER": 124.773914
    },
    "NASDAQ:ASML": {
      "RSI14": 61.97,
      "ATR14": 31.820121,
      "BB_MA20": 987.203,
      "BB_LOWER": 923.388113
    },
    "NYSE:COST": {
      "RSI14": 56.72,
      "ATR14": 15.474543,
      "BB_MA20": 929.70275,
      "BB_LOWER": 902.622349
    },
    "NYSE:UNH": {
      "RSI14": 60.78,
      "ATR14": 9.081421,
      "BB_MA20": 354.55,
      "BB_LOWER": 338.582759
    },
    "NYSE:JPM": {
      "RSI14": 30.95,
      "ATR14": 7.485043,
      "BB_MA20": 308.3375,
      "BB_LOWER": 297.371476
    },
    "NYSE:BRK.B": {
      "RSI14": 43.45,
      "ATR14": 6.83685,
      "BB_MA20": 496.43725,
      "BB_LOWER": 488.8409
    },
    "NYSE:NVO": {
      "RSI14": 45.64,
      "ATR14": 1.634843,
      "BB_MA20": 57.721,
      "BB_LOWER": 54.151401
    },
    "NYSE:LLY": {
      "RSI14": 67.25,
      "ATR14": 26.184321,
      "BB_MA20": 798.09875,
      "BB_LOWER": 706.044925
    }
  },
  "cr": {
    "BINANCE:BTCUSDT": {
      "RSI14": 26.53,
      "ATR14": 5135.305,
      "BB_MA20": 116534.7575,
      "BB_LOWER": 105610.961486
    },
    "BINANCE:ETHUSDT": {
      "RSI14": 34.65,
      "ATR14": 311.703571,
      "BB_MA20": 4234.04,
      "BB_LOWER": 3700.651377
    },
    "BINANCE:SOLUSDT": {
      "RSI14": 31.8,
      "ATR14": 18.460714,
      "BB_MA20": 210.761,
      "BB_LOWER": 174.837906
    },
    "BINANCE:LINKUSDT": {
      "RSI14": 30.66,
      "ATR14": 2.640714,
      "BB_MA20": 20.534,
      "BB_LOWER": 16.14586
    },
    "BINANCE:XRPUSDT": {
      "RSI14": 21.63,
      "ATR14": 0.262907,
      "BB_MA20": 2.72547,
      "BB_LOWER": 2.210779
    },
    "BINANCE:FETUSDT": {
      "RSI14": 9.35,
      "ATR14": 0.06605,
      "BB_MA20": 0.4728,
      "BB_LOWER": 0.222358
    },
    "BINANCE:ADAUSDT": {
      "RSI14": 27.71,
      "ATR14": 0.092636,
      "BB_MA20": 0.76813,
      "BB_LOWER": 0.59212
    },
    "BINANCE:DOTUSDT": {
      "RSI14": 25.71,
      "ATR14": 0.530857,
      "BB_MA20": 3.7316,
      "BB_LOWER": 2.672391
    },
    "BINANCE:ATOMUSDT": {
      "RSI14": 31.52,
      "ATR14": 0.553786,
      "BB_MA20": 3.82035,
      "BB_LOWER": 2.928797
    },
    "BINANCE:ARBUSDT": {
      "RSI14": 28.86,
      "ATR14": 0.054229,
      "BB_MA20": 0.38924,
      "BB_LOWER": 0.275528
    },
    "BINANCE:OPUSDT": {
      "RSI14": 19.57,
      "ATR14": 0.087807,
      "BB_MA20": 0.615485,
      "BB_LOWER": 0.36545
    },
    "BINANCE:AAVEUSDT": {
      "RSI14": 28.95,
      "ATR14": 34.355714,
      "BB_MA20": 264.456,
      "BB_LOWER": 212.686141
    },
    "BINANCE:UNIUSDT": {
      "RSI14": 32.44,
      "ATR14": 0.986786,
      "BB_MA20": 7.34895,
      "BB_LOWER": 5.658123
    },
    "BINANCE:LTCUSDT": {
      "RSI14": 25.09,
      "ATR14": 12.869286,
      "BB_MA20": 107.9325,
      "BB_LOWER": 85.27031
    },
    "BINANCE:TRXUSDT": {
      "RSI14": 27.37,
      "ATR14": 0.010857,
      "BB_MA20": 0.33085,
      "BB_LOWER": 0.307742
    },
    "BINANCE:TONUSDT": {
      "RSI14": 25.96,
      "ATR14": 0.300714,
      "BB_MA20": 2.54815,
      "BB_LOWER": 1.961823
    },
    "BINANCE:NEARUSDT": {
      "RSI14": 24.47,
      "ATR14": 0.326357,
      "BB_MA20": 2.684,
      "BB_LOWER": 2.096965
    },
    "BINANCE:INJUSDT": {
      "RSI14": 23.29,
      "ATR14": 1.610714,
      "BB_MA20": 11.1325,
      "BB_LOWER": 7.529075
    }
  },
  "errors": []
}