{
  "generated_at_brt": "2025-10-20T13:18:07-03:00",
  "eq": {
    "NYSEARCA:VUG": {
      "RSI14": 57.1,
      "ATR14": 3.809341,
      "BB_MA20": 479.621049,
      "BB_LOWER": 471.177353,
      "CLOSE": 484.1300048828125
    },
    "NYSEARCA:IVW": {
      "RSI14": 56.16,
      "ATR14": 0.88178,
      "BB_MA20": 120.561501,
      "BB_LOWER": 118.705783,
      "CLOSE": 121.31999969482422
    },
    "NYSEARCA:IUSG": {
      "RSI14": 55.98,
      "ATR14": 1.185791,
      "BB_MA20": 164.36225,
      "BB_LOWER": 161.857811,
      "CLOSE": 165.3249969482422
    },
    "NYSEARCA:SGOV": {
      "RSI14": 97.07,
      "ATR14": 0.016839,
      "BB_MA20": 100.431923,
      "BB_LOWER": 100.254513,
      "CLOSE": 100.57990264892578
    },
    "NASDAQ:QQQM": {
      "RSI14": 60.75,
      "ATR14": 1.988447,
      "BB_MA20": 247.753001,
      "BB_LOWER": 243.011749,
      "CLOSE": 251.8000030517578
    },
    "NASDAQ:SOXX": {
      "RSI14": 63.92,
      "ATR14": 4.856753,
      "BB_MA20": 280.025499,
      "BB_LOWER": 262.625664,
      "CLOSE": 294.1099853515625
    },
    "NASDAQ:NVDA": {
      "RSI14": 50.96,
      "ATR14": 2.856808,
      "BB_MA20": 183.775001,
      "BB_LOWER": 175.136954,
      "CLOSE": 183.41000366210938
    },
    "NASDAQ:AVGO": {
      "RSI14": 54.91,
      "ATR14": 6.759706,
      "BB_MA20": 340.433778,
      "BB_LOWER": 323.31726,
      "CLOSE": 349.3555908203125
    },
    "NYSE:TSM": {
      "RSI14": 59.02,
      "ATR14": 6.895625,
      "BB_MA20": 290.773499,
      "BB_LOWER": 269.742424,
      "CLOSE": 300.7900085449219
    },
    "NYSE:PLTR": {
      "RSI14": 56.17,
      "ATR14": 3.207904,
      "BB_MA20": 180.337605,
      "BB_LOWER": 173.548327,
      "CLOSE": 182.59210205078125
    },
    "NYSE:VST": {
      "RSI14": 44.06,
      "ATR14": 5.062566,
      "BB_MA20": 203.069,
      "BB_LOWER": 193.594713,
      "CLOSE": 195.1300048828125
    },
    "NYSEARCA:ARGT": {
      "RSI14": 47.69,
      "ATR14": 1.369156,
      "BB_MA20": 71.502,
      "BB_LOWER": 66.782576,
      "CLOSE": 71.6500015258789
    },
    "NYSEARCA:SPY": {
      "RSI14": 58.37,
      "ATR14": 3.946474,
      "BB_MA20": 665.238995,
      "BB_LOWER": 655.299961,
      "CLOSE": 670.3699951171875
    },
    "NYSEARCA:VOO": {
      "RSI14": 58.47,
      "ATR14": 3.595731,
      "BB_MA20": 611.58541,
      "BB_LOWER": 602.461951,
      "CLOSE": 616.3200073242188
    },
    "NYSEARCA:VTI": {
      "RSI14": 57.91,
      "ATR14": 2.001386,
      "BB_MA20": 327.933298,
      "BB_LOWER": 323.075835,
      "CLOSE": 330.3399963378906
    },
    "NASDAQ:QQQ": {
      "RSI14": 60.62,
      "ATR14": 4.844229,
      "BB_MA20": 601.830746,
      "BB_LOWER": 590.325312,
      "CLOSE": 611.5449829101562
    },
    "NYSEARCA:XLK": {
      "RSI14": 60.52,
      "ATR14": 2.758282,
      "BB_MA20": 283.749001,
      "BB_LOWER": 276.121111,
      "CLOSE": 288.67999267578125
    },
    "NYSEARCA:SMH": {
      "RSI14": 64.24,
      "ATR14": 5.136103,
      "BB_MA20": 334.519997,
      "BB_LOWER": 315.741823,
      "CLOSE": 348.8699951171875
    },
    "NYSEARCA:IJR": {
      "RSI14": 53.42,
      "ATR14": 1.132545,
      "BB_MA20": 118.387249,
      "BB_LOWER": 115.838308,
      "CLOSE": 118.875
    },
    "NYSEARCA:IWF": {
      "RSI14": 57.12,
      "ATR14": 3.601383,
      "BB_MA20": 468.269948,
      "BB_LOWER": 460.461696,
      "CLOSE": 472.15899658203125
    },
    "NYSEARCA:IWD": {
      "RSI14": 57.02,
      "ATR14": 1.127736,
      "BB_MA20": 203.217999,
      "BB_LOWER": 200.412664,
      "CLOSE": 204.44000244140625
    },
    "NYSEARCA:XLV": {
      "RSI14": 66.93,
      "ATR14": 0.890828,
      "BB_MA20": 141.2765,
      "BB_LOWER": 134.404516,
      "CLOSE": 144.4199981689453
    },
    "NYSEARCA:XLF": {
      "RSI14": 45.17,
      "ATR14": 0.398674,
      "BB_MA20": 53.264,
      "BB_LOWER": 51.990322,
      "CLOSE": 52.58000183105469
    },
    "NYSEARCA:XLE": {
      "RSI14": 44.61,
      "ATR14": 0.747307,
      "BB_MA20": 88.33,
      "BB_LOWER": 84.455272,
      "CLOSE": 86.48999786376953
    },
    "NASDAQ:MSFT": {
      "RSI14": 52.08,
      "ATR14": 3.456439,
      "BB_MA20": 515.855797,
      "BB_LOWER": 504.803721,
      "CLOSE": 516.89599609375
    },
    "NASDAQ:AAPL": {
      "RSI14": 67.17,
      "ATR14": 3.212516,
      "BB_MA20": 253.843999,
      "BB_LOWER": 245.160571,
      "CLOSE": 263.1000061035156
    },
    "NASDAQ:GOOGL": {
      "RSI14": 67.49,
      "ATR14": 2.801353,
      "BB_MA20": 246.730995,
      "BB_LOWER": 237.995397,
      "CLOSE": 256.09991455078125
    },
    "NASDAQ:AMZN": {
      "RSI14": 40.33,
      "ATR14": 2.667751,
      "BB_MA20": 219.468501,
      "BB_LOWER": 212.340997,
      "CLOSE": 214.67999267578125
    },
    "NASDAQ:META": {
      "RSI14": 49.03,
      "ATR14": 9.231656,
      "BB_MA20": 726.330753,
      "BB_LOWER": 694.145228,
      "CLOSE": 728.885009765625
    },
    "NASDAQ:AMD": {
      "RSI14": 73.74,
      "ATR14": 6.906652,
      "BB_MA20": 197.244999,
      "BB_LOWER": 132.011866,
      "CLOSE": 241.50999450683594
    },
    "NASDAQ:LRCX": {
      "RSI14": 62.28,
      "ATR14": 3.334514,
      "BB_MA20": 138.536998,
      "BB_LOWER": 125.33329,
      "CLOSE": 144.52000427246094
    },
    "NASDAQ:ASML": {
      "RSI14": 69.53,
      "ATR14": 18.160831,
      "BB_MA20": 991.789005,
      "BB_LOWER": 923.921463,
      "CLOSE": 1051.25
    },
    "NYSE:COST": {
      "RSI14": 48.41,
      "ATR14": 9.159301,
      "BB_MA20": 929.316504,
      "BB_LOWER": 902.795588,
      "CLOSE": 933.760009765625
    },
    "NYSE:UNH": {
      "RSI14": 63.73,
      "ATR14": 4.348929,
      "BB_MA20": 355.675249,
      "BB_LOWER": 340.417457,
      "CLOSE": 364.114990234375
    },
    "NYSE:JPM": {
      "RSI14": 46.46,
      "ATR14": 3.067999,
      "BB_MA20": 307.103998,
      "BB_LOWER": 297.088135,
      "CLOSE": 301.4599914550781
    },
    "NYSE:BRK.B": {
      "RSI14": 46.43,
      "ATR14": 3.176736,
      "BB_MA20": 496.2715,
      "BB_LOWER": 488.331204,
      "CLOSE": 490.8399963378906
    },
    "NYSE:NVO": {
      "RSI14": 47.12,
      "ATR14": 1.010373,
      "BB_MA20": 57.493501,
      "BB_LOWER": 54.13942,
      "CLOSE": 56.18000030517578
    },
    "NYSE:LLY": {
      "RSI14": 52.65,
      "ATR14": 11.753872,
      "BB_MA20": 800.372495,
      "BB_LOWER": 710.476306,
      "CLOSE": 801.0700073242188
    }
  },
  "cr": {
    "BINANCE:BTCUSDT": {
      "RSI14": 38.77,
      "ATR14": 2209.974492,
      "BB_MA20": 115855.8785,
      "BB_LOWER": 103719.849754,
      "CLOSE": 111139.16
    },
    "BINANCE:ETHUSDT": {
      "RSI14": 34.8,
      "ATR14": 138.420394,
      "BB_MA20": 4201.28,
      "BB_LOWER": 3629.731674,
      "CLOSE": 3975.21
    },
    "BINANCE:SOLUSDT": {
      "RSI14": 32.26,
      "ATR14": 8.802905,
      "BB_MA20": 207.3775,
      "BB_LOWER": 168.029289,
      "CLOSE": 188.99
    },
    "BINANCE:LINKUSDT": {
      "RSI14": 37.45,
      "ATR14": 0.959043,
      "BB_MA20": 19.949,
      "BB_LOWER": 15.216631,
      "CLOSE": 18.68
    },
    "BINANCE:XRPUSDT": {
      "RSI14": 33.42,
      "ATR14": 0.083541,
      "BB_MA20": 2.65576,
      "BB_LOWER": 2.109446,
      "CLOSE": 2.4555
    },
    "BINANCE:FETUSDT": {
      "RSI14": 19.25,
      "ATR14": 0.025089,
      "BB_MA20": 0.429515,
      "BB_LOWER": 0.159795,
      "CLOSE": 0.2818
    },
    "BINANCE:ADAUSDT": {
      "RSI14": 30.1,
      "ATR14": 0.032418,
      "BB_MA20": 0.7445,
      "BB_LOWER": 0.55396,
      "CLOSE": 0.6618
    },
    "BINANCE:DOTUSDT": {
      "RSI14": 30.36,
      "ATR14": 0.159498,
      "BB_MA20": 3.5873,
      "BB_LOWER": 2.434148,
      "CLOSE": 3.075
    },
    "BINANCE:ATOMUSDT": {
      "RSI14": 30.65,
      "ATR14": 0.157536,
      "BB_MA20": 3.68385,
      "BB_LOWER": 2.747391,
      "CLOSE": 3.263
    },
    "BINANCE:ARBUSDT": {
      "RSI14": 27.34,
      "ATR14": 0.020571,
      "BB_MA20": 0.373205,
      "BB_LOWER": 0.253144,
      "CLOSE": 0.3214
    },
    "BINANCE:OPUSDT": {
      "RSI14": 21.78,