{
  "generated_at_brt": "2025-10-17T16:29:17-0300",
  "eq": {
    "NYSEARCA:VUG": {
      "RSI14": 51.21,
      "ATR14": 7.118421,
      "BB_MA20": 479.779,
      "BB_LOWER": 471.52547
    },
    "NYSEARCA:IVW": {
      "RSI14": 51.42,
      "ATR14": 1.762821,
      "BB_MA20": 120.5845,
      "BB_LOWER": 118.698112
    },
    "NYSEARCA:IUSG": {
      "RSI14": 51.0,
      "ATR14": 2.355579,
      "BB_MA20": 164.39772,
      "BB_LOWER": 161.843166
    },
    "NYSEARCA:SGOV": {
      "RSI14": 38.18,
      "ATR14": 0.042857,
      "BB_MA20": 100.538,
      "BB_LOWER": 100.324122
    },
    "NASDAQ:QQQM": {
      "RSI14": 54.43,
      "ATR14": 3.789286,
      "BB_MA20": 247.5865,
      "BB_LOWER": 243.186771
    },
    "NASDAQ:SOXX": {
      "RSI14": 61.32,
      "ATR14": 8.817371,
      "BB_MA20": 278.8395,
      "BB_LOWER": 262.102421
    },
    "NASDAQ:NVDA": {
      "RSI14": 52.19,
      "ATR14": 5.959279,
      "BB_MA20": 183.816205,
      "BB_LOWER": 175.183292
    },
    "NASDAQ:AVGO": {
      "RSI14": 60.97,
      "ATR14": 14.674414,
      "BB_MA20": 339.96,
      "BB_LOWER": 323.20248
    },
    "NYSE:TSM": {
      "RSI14": 60.39,
      "ATR14": 12.484521,
      "BB_MA20": 289.4945,
      "BB_LOWER": 267.41941
    },
    "NYSE:PLTR": {
      "RSI14": 50.22,
      "ATR14": 8.244993,
      "BB_MA20": 180.22152,
      "BB_LOWER": 173.544626
    },
    "NYSE:VST": {
      "RSI14": 53.68,
      "ATR14": 9.6276,
      "BB_MA20": 204.279,
      "BB_LOWER": 193.562717
    },
    "NYSEARCA:ARGT": {
      "RSI14": 47.8,
      "ATR14": 2.552814,
      "BB_MA20": 71.6475,
      "BB_LOWER": 66.763903
    },
    "NYSEARCA:SPY": {
      "RSI14": 51.44,
      "ATR14": 8.0904,
      "BB_MA20": 665.11,
      "BB_LOWER": 655.423766
    },
    "NYSEARCA:VOO": {
      "RSI14": 51.54,
      "ATR14": 7.3731,
      "BB_MA20": 611.904235,
      "BB_LOWER": 603.425698
    },
    "NYSEARCA:VTI": {
      "RSI14": 51.08,
      "ATR14": 4.090786,
      "BB_MA20": 328.112,
      "BB_LOWER": 323.559965
    },
    "NASDAQ:QQQ": {
      "RSI14": 54.4,
      "ATR14": 9.237179,
      "BB_MA20": 601.4305,
      "BB_LOWER": 590.735996
    },
    "NYSEARCA:XLK": {
      "RSI14": 56.15,
      "ATR14": 5.308879,
      "BB_MA20": 283.485,
      "BB_LOWER": 276.152684
    },
    "NYSEARCA:SMH": {
      "RSI14": 61.71,
      "ATR14": 9.532764,
      "BB_MA20": 333.2435,
      "BB_LOWER": 314.815669
    },
    "NYSEARCA:IJR": {
      "RSI14": 47.18,
      "ATR14": 2.036786,
      "BB_MA20": 118.42575,
      "BB_LOWER": 115.837204
    },
    "NYSEARCA:IWF": {
      "RSI14": 51.53,
      "ATR14": 6.966021,
      "BB_MA20": 468.34925,
      "BB_LOWER": 460.504163
    },
    "NYSEARCA:IWD": {
      "RSI14": 49.69,
      "ATR14": 2.3075,
      "BB_MA20": 203.134,
      "BB_LOWER": 200.372606
    },
    "NYSEARCA:XLV": {
      "RSI14": 74.79,
      "ATR14": 2.065921,
      "BB_MA20": 140.89025,
      "BB_LOWER": 133.888696
    },
    "NYSEARCA:XLF": {
      "RSI14": 34.73,
      "ATR14": 0.832214,
      "BB_MA20": 53.3415,
      "BB_LOWER": 52.092496
    },
    "NYSEARCA:XLE": {
      "RSI14": 28.49,
      "ATR14": 1.530357,
      "BB_MA20": 88.3875,
      "BB_LOWER": 84.587674
    },
    "NASDAQ:MSFT": {
      "RSI14": 50.61,
      "ATR14": 8.549136,
      "BB_MA20": 515.815,
      "BB_LOWER": 504.798281
    },
    "NASDAQ:AAPL": {
      "RSI14": 47.13,
      "ATR14": 4.608857,
      "BB_MA20": 253.512,
      "BB_LOWER": 245.855699
    },
    "NASDAQ:GOOGL": {
      "RSI14": 61.77,
      "ATR14": 5.987429,
      "BB_MA20": 246.5565,
      "BB_LOWER": 238.458924
    },
    "NASDAQ:AMZN": {
      "RSI14": 38.64,
      "ATR14": 5.547493,
      "BB_MA20": 220.1385,
      "BB_LOWER": 212.613535
    },
    "NASDAQ:META": {
      "RSI14": 40.86,
      "ATR14": 18.169964,
      "BB_MA20": 728.142,
      "BB_LOWER": 691.766021
    },
    "NASDAQ:AMD": {
      "RSI14": 77.45,
      "ATR14": 15.083843,
      "BB_MA20": 193.2225,
      "BB_LOWER": 129.207941
    },
    "NASDAQ:LRCX": {
      "RSI14": 59.48,
      "ATR14": 6.418386,
      "BB_MA20": 137.9685,
      "BB_LOWER": 124.772571
    },
    "NASDAQ:ASML": {
      "RSI14": 61.72,
      "ATR14": 31.820121,
      "BB_MA20": 987.1065,
      "BB_LOWER": 923.551514
    },
    "NYSE:COST": {
      "RSI14": 57.23,
      "ATR14": 15.474543,
      "BB_MA20": 929.781,
      "BB_LOWER": 902.636001
    },
    "NYSE:UNH": {
      "RSI14": 61.52,
      "ATR14": 9.071143,
      "BB_MA20": 354.602,
      "BB_LOWER": 338.597624
    },
    "NYSE:JPM": {
      "RSI14": 31.05,
      "ATR14": 7.485043,
      "BB_MA20": 308.3455,
      "BB_LOWER": 297.410544
    },
    "NYSE:BRK.B": {
      "RSI14": 43.24,
      "ATR14": 6.83685,
      "BB_MA20": 496.42825,
      "BB_LOWER": 488.814585
    },
    "NYSE:NVO": {
      "RSI14": 45.57,
      "ATR14": 1.634843,
      "BB_MA20": 57.72,
      "BB_LOWER": 54.14666
    },
    "NYSE:LLY": {
      "RSI14": 67.0,
      "ATR14": 26.184321,
      "BB_MA20": 798.05725,
      "BB_LOWER": 706.012409
    }
  },
  "cr": {
    "BINANCE:BTCUSDT": {
      "RSI14": 26.6,
      "ATR14": 5135.305,
      "BB_MA20": 116539.2895,
      "BB_LOWER": 105632.168109
    },
    "BINANCE:ETHUSDT": {
      "RSI14": 34.6,
      "ATR14": 311.703571,
      "BB_MA20": 4233.894,
      "BB_LOWER": 3700.063185
    },
    "BINANCE:SOLUSDT": {
      "RSI14": 31.98,
      "ATR14": 18.460714,
      "BB_MA20": 210.801,
      "BB_LOWER": 175.00552
    },
    "BINANCE:LINKUSDT": {
      "RSI14": 30.54,
      "ATR14": 2.640714,
      "BB_MA20": 20.531,
      "BB_LOWER": 16.131437
    },
    "BINANCE:XRPUSDT": {
      "RSI14": 21.67,
      "ATR14": 0.262907,
      "BB_MA20": 2.725585,
      "BB_LOWER": 2.211274
    },
    "BINANCE:FETUSDT": {
      "RSI14": 9.32,
      "ATR14": 0.06605,
      "BB_MA20": 0.47274,
      "BB_LOWER": 0.2221
    },
    "BINANCE:ADAUSDT": {
      "RSI14": 27.7,
      "ATR14": 0.092636,
      "BB_MA20": 0.768115,
      "BB_LOWER": 0.592056
    },
    "BINANCE:DOTUSDT": {
      "RSI14": 25.67,
      "ATR14": 0.530857,
      "BB_MA20": 3.7314,
      "BB_LOWER": 2.671568
    },
    "BINANCE:ATOMUSDT": {
      "RSI14": 31.55,
      "ATR14": 0.553786,
      "BB_MA20": 3.8205,
      "BB_LOWER": 2.929389
    },
    "BINANCE:ARBUSDT": {
      "RSI14": 28.84,
      "ATR14": 0.054229,
      "BB_MA20": 0.38923,
      "BB_LOWER": 0.275488
    },
    "BINANCE:OPUSDT": {
      "RSI14": 19.59,
      "ATR14": 0.087807,
      "BB_MA20": 0.615515,
      "BB_LOWER": 0.365574
    },
    "BINANCE:AAVEUSDT": {
      "RSI14": 28.98,
      "ATR14": 34.355714,
      "BB_MA20": 264.469,
      "BB_LOWER": 212.760492
    },
    "BINANCE:UNIUSDT": {
      "RSI14": 32.45,
      "ATR14": 0.986786,
      "BB_MA20": 7.34905,
      "BB_LOWER": 5.65851
    },
    "BINANCE:LTCUSDT": {
      "RSI14": 25.1,
      "ATR14": 12.869286,
      "BB_MA20": 107.9345,
      "BB_LOWER": 85.278433
    },
    "BINANCE:TRXUSDT": {
      "RSI14": 27.52,
      "ATR14": 0.010857,
      "BB_MA20": 0.33087,
      "BB_LOWER": 0.30784
    },
    "BINANCE:TONUSDT": {
      "RSI14": 25.89,
      "ATR14": 0.300714,
      "BB_MA20": 2.54795,
      "BB_LOWER": 1.961041
    },
    "BINANCE:NEARUSDT": {
      "RSI14": 24.44,
      "ATR14": 0.326357,
      "BB_MA20": 2.6839,
      "BB_LOWER": 2.096496
    },
    "BINANCE:INJUSDT": {
      "RSI14": 23.27,
      "ATR14": 1.610714,
      "BB_MA20": 11.132,
      "BB_LOWER": 7.527
    }
  },
  "errors": []
}