{
  "generated_at_brt": "2025-10-24T20:43:51-03:00",
  "eq": {
    "NYSEARCA:VUG": {
      "RSI14": 61.29,
      "ATR14": 3.680648,
      "BB_MA20": 481.422998,
      "BB_LOWER": 472.574472,
      "CLOSE": 489.6199951171875
    },
    "NYSEARCA:IVW": {
      "RSI14": 60.82,
      "ATR14": 0.866686,
      "BB_MA20": 120.892501,
      "BB_LOWER": 119.003557,
      "CLOSE": 122.66999816894531
    },
    "NYSEARCA:IUSG": {
      "RSI14": 61.13,
      "ATR14": 1.18877,
      "BB_MA20": 164.809501,
      "BB_LOWER": 162.199535,
      "CLOSE": 167.38999938964844
    }
  },
  "cr": {
    "BINANCE:BTCUSDT": {
      "RSI14": 50.08,
      "ATR14": 1797.274118,
      "BB_MA20": 113483.4605,
      "BB_LOWER": 101648.037001,
      "CLOSE": 110962.76
    },
    "BINANCE:ETHUSDT": {
      "RSI14": 54.94,
      "ATR14": 114.31041,
      "BB_MA20": 4083.099,
      "BB_LOWER": 3530.165924,
      "CLOSE": 3929.39
    },
    "BINANCE:SOLUSDT": {
      "RSI14": 57.51,
      "ATR14": 7.794141,
      "BB_MA20": 199.059,
      "BB_LOWER": 164.501232,
      "CLOSE": 193.29
    }
  },
  "errors": []
}