{
  "generated_at_brt": "2025-10-23T14:07:21-03:00",
  "eq": {
    "NYSEARCA:VUG": {
      "RSI14": 57.38,
      "ATR14": 3.600444,
      "BB_MA20": 480.733647,
      "BB_LOWER": 472.434142,
      "CLOSE": 484.8699951171875
    },
    "NYSEARCA:IVW": {
      "RSI14": 56.04,
      "ATR14": 0.832003,
      "BB_MA20": 120.742006,
      "BB_LOWER": 118.984666,
      "CLOSE": 121.36009979248047
    },
    "NYSEARCA:IUSG": {
      "RSI14": 56.16,
      "ATR14": 1.135224,
      "BB_MA20": 164.606001,
      "BB_LOWER": 162.215561,
      "CLOSE": 165.52000427246094
    },
    "NYSEARCA:SGOV": {
      "RSI14": 97.47,
      "ATR14": 0.015608,
      "BB_MA20": 100.477662,
      "BB_LOWER": 100.299438,
      "CLOSE": 100.61419677734375
    },
    "NASDAQ:QQQM": {
      "RSI14": 58.5,
      "ATR14": 1.883405,
      "BB_MA20": 248.556501,
      "BB_LOWER": 243.892204,
      "CLOSE": 251.1300048828125
    },
    "NASDAQ:SOXX": {
      "RSI14": 59.47,
      "ATR14": 4.833495,
      "BB_MA20": 282.923248,
      "BB_LOWER": 267.429902,
      "CLOSE": 290.4849853515625
    },
    "NASDAQ:NVDA": {
      "RSI14": 50.38,
      "ATR14": 2.56258,
      "BB_MA20": 184.248036,
      "BB_LOWER": 176.758093,
      "CLOSE": 181.88070678710938
    },
    "NASDAQ:AVGO": {
      "RSI14": 52.91,
      "ATR14": 6.232229,
      "BB_MA20": 341.075873,
      "BB_LOWER": 324.031247,
      "CLOSE": 344.3475036621094
    },
    "NYSE:TSM": {
      "RSI14": 54.84,
      "ATR14": 6.201014,
      "BB_MA20": 292.44675,
      "BB_LOWER": 273.677885,
      "CLOSE": 293.2449951171875
    },
    "NYSE:PLTR": {
      "RSI14": 53.87,
      "ATR14": 3.27247,
      "BB_MA20": 180.11575,
      "BB_LOWER": 173.128994,
      "CLOSE": 180.7949981689453
    },
    "NYSE:VST": {
      "RSI14": 41.41,
      "ATR14": 4.90047,
      "BB_MA20": 200.717001,
      "BB_LOWER": 185.844511,
      "CLOSE": 189.4199981689453
    },
    "NYSEARCA:ARGT": {
      "RSI14": 53.66,
      "ATR14": 1.353164,
      "BB_MA20": 70.959965,
      "BB_LOWER": 67.112688,
      "CLOSE": 73.53929901123047
    },
    "NYSEARCA:SPY": {
      "RSI14": 58.18,
      "ATR14": 3.700131,
      "BB_MA20": 666.691995,
      "BB_LOWER": 656.993463,
      "CLOSE": 671.4000244140625
    },
    "NYSEARCA:VOO": {
      "RSI14": 58.29,
      "ATR14": 3.374464,
      "BB_MA20": 612.922751,
      "BB_LOWER": 604.042762,
      "CLOSE": 617.2550048828125
    },
    "NYSEARCA:VTI": {
      "RSI14": 57.46,
      "ATR14": 1.90692,
      "BB_MA20": 328.62515,
      "BB_LOWER": 323.896071,
      "CLOSE": 330.82000732421875
    },
    "NASDAQ:QQQ": {
      "RSI14": 58.51,
      "ATR14": 4.592963,
      "BB_MA20": 603.786499,
      "BB_LOWER": 592.446459,
      "CLOSE": 610.080078125
    },
    "NYSEARCA:XLK": {
      "RSI14": 59.92,
      "ATR14": 2.602131,
      "BB_MA20": 285.018501,
      "BB_LOWER": 278.233885,
      "CLOSE": 288.760009765625
    },
    "NYSEARCA:SMH": {
      "RSI14": 59.96,
      "ATR14": 4.980821,
      "BB_MA20": 337.669997,
      "BB_LOWER": 321.98861,
      "CLOSE": 344.6199951171875
    },
    "NYSEARCA:IJR": {
      "RSI14": 54.39,
      "ATR14": 1.08633,
      "BB_MA20": 118.59125,
      "BB_LOWER": 115.95732,
      "CLOSE": 119.78500366210938
    },
    "NYSEARCA:IWF": {
      "RSI14": 57.12,
      "ATR14": 3.440401,
      "BB_MA20": 469.203259,
      "BB_LOWER": 461.574895,
      "CLOSE": 472.6852111816406
    },
    "NYSEARCA:IWD": {
      "RSI14": 56.55,
      "ATR14": 1.036147,
      "BB_MA20": 203.643999,
      "BB_LOWER": 200.839101,
      "CLOSE": 204.88999938964844
    },
    "NYSEARCA:XLV": {
      "RSI14": 69.99,
      "ATR14": 0.799681,
      "BB_MA20": 142.778,
      "BB_LOWER": 137.136744,
      "CLOSE": 146.02999877929688
    },
    "NYSEARCA:XLF": {
      "RSI14": 45.05,
      "ATR14": 0.361918,
      "BB_MA20": 53.1185,
      "BB_LOWER": 51.813674,
      "CLOSE": 52.560001373291016
    },
    "NYSEARCA:XLE": {
      "RSI14": 57.68,
      "ATR14": 0.812306,
      "BB_MA20": 88.00375,
      "BB_LOWER": 84.461494,
      "CLOSE": 89.25499725341797
    },
    "NASDAQ:MSFT": {
      "RSI14": 58.98,
      "ATR14": 3.145869,
      "BB_MA20": 517.561993,
      "BB_LOWER": 507.90273,
      "CLOSE": 522.4400024414062
    },
    "NASDAQ:AAPL": {
      "RSI14": 61.65,
      "ATR14": 2.957134,
      "BB_MA20": 254.6925,
      "BB_LOWER": 244.923994,
      "CLOSE": 260.2200012207031
    },
    "NASDAQ:GOOGL": {
      "RSI14": 61.94,
      "ATR14": 2.899621,
      "BB_MA20": 247.334,
      "BB_LOWER": 237.851022,
      "CLOSE": 254.0500030517578
    },
    "NASDAQ:AMZN": {
      "RSI14": 49.73,
      "ATR14": 3.046122,
      "BB_MA20": 219.6255,
      "BB_LOWER": 212.618691,
      "CLOSE": 220.42999267578125
    },
    "NASDAQ:META": {
      "RSI14": 53.3,
      "ATR14": 7.935539,
      "BB_MA20": 723.486008,
      "BB_LOWER": 700.038433,
      "CLOSE": 738.110107421875
    },
    "NASDAQ:AMD": {
      "RSI14": 66.92,
      "ATR14": 6.37307,
      "BB_MA20": 208.120493,
      "BB_LOWER": 146.576548,
      "CLOSE": 233.24989318847656
    },
    "NASDAQ:LRCX": {
      "RSI14": 63.86,
      "ATR14": 3.397195,
      "BB_MA20": 140.811497,
      "BB_LOWER": 129.51337,
      "CLOSE": 147.7899932861328
    },
    "NASDAQ:ASML": {
      "RSI14": 64.61,
      "ATR14": 17.71931,
      "BB_MA20": 1002.001508,
      "BB_LOWER": 940.572777,
      "CLOSE": 1036.760009765625
    },
    "NYSE:COST": {
      "RSI14": 50.26,
      "ATR14": 8.181428,
      "BB_MA20": 928.884003,
      "BB_LOWER": 903.26414,
      "CLOSE": 939.0
    },
    "NYSE:UNH": {
      "RSI14": 56.9,
      "ATR14": 3.986183,
      "BB_MA20": 357.798,
      "BB_LOWER": 343.318725,
      "CLOSE": 360.2900085449219
    },
    "NYSE:JPM": {
      "RSI14": 40.66,
      "ATR14": 3.099224,
      "BB_MA20": 304.713048,
      "BB_LOWER": 292.657429,
      "CLOSE": 295.1449890136719
    },
    "NYSE:BRK.B": {
      "RSI14": 45.63,
      "ATR14": 2.805242,
      "BB_MA20": 495.825999,
      "BB_LOWER": 487.423125,
      "CLOSE": 490.8999938964844
    },
    "NYSE:NVO": {
      "RSI14": 37.15,
      "ATR14": 0.930949,
      "BB_MA20": 56.82875,
      "BB_LOWER": 52.760979,
      "CLOSE": 53.30500030517578
    },
    "NYSE:LLY": {
      "RSI14": 57.38,
      "ATR14": 11.575316,
      "BB_MA20": 812.202747,
      "BB_LOWER": 742.084144,
      "CLOSE": 820.135009765625
    }
  },
  "cr": {
    "BINANCE:BTCUSDT": {
      "RSI14": 35.09,
      "ATR14": 2322.809529,
      "BB_MA20": 114051.623,
      "BB_LOWER": 101663.182861,
      "CLOSE": 110013.19
    },
    "BINANCE:ETHUSDT": {
      "RSI14": 33.16,
      "ATR14": 135.287659,
      "BB_MA20": 4112.828,
      "BB_LOWER": 3540.932822,
      "CLOSE": 3893.62
    },
    "BINANCE:SOLUSDT": {
      "RSI14": 34.4,
      "ATR14": 9.046055,
      "BB_MA20": 200.7835,
      "BB_LOWER": 164.152435,
      "CLOSE": 191.27
    },
    "BINANCE:LINKUSDT": {
      "RSI14": 33.66,
      "ATR14": 0.919009,
      "BB_MA20": 19.1725,
      "BB_LOWER": 14.757517,
      "CLOSE": 17.53
    },
    "BINANCE:XRPUSDT": {
      "RSI14": 29.98,
      "ATR14": 0.088593,
      "BB_MA20": 2.56589,
      "BB_LOWER": 2.088594,
      "CLOSE": 2.4039
    },
    "BINANCE:FETUSDT": {
      "RSI14": 20.58,
      "ATR14": 0.023922,
      "BB_MA20": 0.375525,
      "BB_LOWER": 0.12025,
      "CLOSE": 0.2517
    },
    "BINANCE:ADAUSDT": {
      "RSI14": 31.55,
      "ATR14": 0.029668,
      "BB_MA20": 0.710805,
      "BB_LOWER": 0.536716,
      "CLOSE": 0.6457
    },
    "BINANCE:DOTUSDT": {
      "RSI14": 31.53,
      "ATR14": 0.143773,
      "BB_MA20": 3.39665,
      "BB_LOWER": 2.329576,
      "CLOSE": 3.004
    },
    "BINANCE:ATOMUSDT": {
      "RSI14": 33.43,
      "ATR14": 0.134852,
      "BB_MA20": 3.52295,
      "BB_LOWER": 2.661723,
      "CLOSE": 3.199
    },
    "BINANCE:ARBUSDT": {
      "RSI14": 32.96,
      "ATR14": 0.016856,
      "BB_MA20": 0.35272,
      "BB_LOWER": 0.243238,
      "CLOSE": 0.3154
    },
    "BINANCE:OPUSDT": {
      "RSI14": 26.21,