{
  "generated_at_brt": "2025-10-20T17:25:43-03:00",
  "eq": {
    "NYSEARCA:VUG": {
      "RSI14": 57.55,
      "ATR14": 3.850056,
      "BB_MA20": 479.64955,
      "BB_LOWER": 471.141566,
      "CLOSE": 484.70001220703125
    },
    "NYSEARCA:IVW": {
      "RSI14": 56.51,
      "ATR14": 0.888923,
      "BB_MA20": 120.566501,
      "BB_LOWER": 118.702116,
      "CLOSE": 121.41999816894531
    },
    "NYSEARCA:IUSG": {
      "RSI14": 56.52,
      "ATR14": 1.200434,
      "BB_MA20": 164.3725,
      "BB_LOWER": 161.850766,
      "CLOSE": 165.52999877929688
    },
    "NYSEARCA:SGOV": {
      "RSI14": 97.07,
      "ATR14": 0.016846,
      "BB_MA20": 100.431928,
      "BB_LOWER": 100.254502,
      "CLOSE": 100.58000183105469
    },
    "NASDAQ:QQQM": {
      "RSI14": 60.7,
      "ATR14": 1.98559,
      "BB_MA20": 247.751001,
      "BB_LOWER": 243.016551,
      "CLOSE": 251.75999450683594
    },
    "NASDAQ:SOXX": {
      "RSI14": 63.31,
      "ATR14": 4.775326,
      "BB_MA20": 279.9685,
      "BB_LOWER": 262.747038,
      "CLOSE": 292.9700012207031
    },
    "NASDAQ:NVDA": {
      "RSI14": 50.0,
      "ATR14": 2.884665,
      "BB_MA20": 183.736501,
      "BB_LOWER": 175.085436,
      "CLOSE": 182.63999938964844
    },
    "NASDAQ:AVGO": {
      "RSI14": 54.85,
      "ATR14": 6.764306,
      "BB_MA20": 340.427998,
      "BB_LOWER": 323.323461,
      "CLOSE": 349.239990234375
    },
    "NYSE:TSM": {
      "RSI14": 57.67,
      "ATR14": 6.674911,
      "BB_MA20": 290.618999,
      "BB_LOWER": 269.840648,
      "CLOSE": 297.70001220703125
    },
    "NYSE:PLTR": {
      "RSI14": 55.17,
      "ATR14": 3.136325,
      "BB_MA20": 180.2875,
      "BB_LOWER": 173.550928,
      "CLOSE": 181.58999633789062
    },
    "NYSE:VST": {
      "RSI14": 43.51,
      "ATR14": 5.126137,
      "BB_MA20": 203.0245,
      "BB_LOWER": 193.394397,
      "CLOSE": 194.24000549316406
    },
    "NYSEARCA:ARGT": {
      "RSI14": 46.31,
      "ATR14": 1.368441,
      "BB_MA20": 71.4755,
      "BB_LOWER": 66.753746,
      "CLOSE": 71.12000274658203
    },
    "NYSEARCA:SPY": {
      "RSI14": 59.06,
      "ATR14": 4.012902,
      "BB_MA20": 665.285495,
      "BB_LOWER": 655.242714,
      "CLOSE": 671.2999877929688
    },
    "NYSEARCA:VOO": {
      "RSI14": 59.16,
      "ATR14": 3.656444,
      "BB_MA20": 611.627908,
      "BB_LOWER": 602.409205,
      "CLOSE": 617.1699829101562
    },
    "NYSEARCA:VTI": {
      "RSI14": 58.81,
      "ATR14": 2.044959,
      "BB_MA20": 327.963799,
      "BB_LOWER": 323.039075,
      "CLOSE": 330.95001220703125
    },
    "NASDAQ:QQQ": {
      "RSI14": 60.62,
      "ATR14": 4.843872,
      "BB_MA20": 601.830496,
      "BB_LOWER": 590.325907,
      "CLOSE": 611.5399780273438
    },
    "NYSEARCA:XLK": {
      "RSI14": 60.02,
      "ATR14": 2.723998,
      "BB_MA20": 283.725002,
      "BB_LOWER": 276.15653,
      "CLOSE": 288.20001220703125
    },
    "NYSEARCA:SMH": {
      "RSI14": 63.4,
      "ATR14": 5.018247,
      "BB_MA20": 334.437497,
      "BB_LOWER": 315.899263,
      "CLOSE": 347.2200012207031
    },
    "NYSEARCA:IJR": {
      "RSI14": 55.05,
      "ATR14": 1.173616,
      "BB_MA20": 118.415999,
      "BB_LOWER": 115.832958,
      "CLOSE": 119.44999694824219
    },
    "NYSEARCA:IWF": {
      "RSI14": 57.55,
      "ATR14": 3.637884,
      "BB_MA20": 468.295499,
      "BB_LOWER": 460.433351,
      "CLOSE": 472.6700134277344
    },
    "NYSEARCA:IWD": {
      "RSI14": 58.26,
      "ATR14": 1.161308,
      "BB_MA20": 203.241499,
      "BB_LOWER": 200.388148,
      "CLOSE": 204.91000366210938
    },
    "NYSEARCA:XLV": {
      "RSI14": 67.88,
      "ATR14": 0.917256,
      "BB_MA20": 141.295,
      "BB_LOWER": 134.387366,
      "CLOSE": 144.7899932861328
    },
    "NYSEARCA:XLF": {
      "RSI14": 47.16,
      "ATR14": 0.413674,
      "BB_MA20": 53.2745,
      "BB_LOWER": 52.020235,
      "CLOSE": 52.790000915527344
    },
    "NYSEARCA:XLE": {
      "RSI14": 46.65,
      "ATR14": 0.775878,
      "BB_MA20": 88.35,
      "BB_LOWER": 84.509491,
      "CLOSE": 86.88999938964844
    },
    "NASDAQ:MSFT": {
      "RSI14": 51.97,
      "ATR14": 3.448866,
      "BB_MA20": 515.850496,
      "BB_LOWER": 504.800319,
      "CLOSE": 516.7899780273438
    },
    "NASDAQ:AAPL": {
      "RSI14": 66.53,
      "ATR14": 3.151086,
      "BB_MA20": 253.800999,
      "BB_LOWER": 245.294628,
      "CLOSE": 262.239990234375
    },
    "NASDAQ:GOOGL": {
      "RSI14": 67.86,
      "ATR14": 2.833501,
      "BB_MA20": 246.753499,
      "BB_LOWER": 237.919709,
      "CLOSE": 256.54998779296875
    },
    "NASDAQ:AMZN": {
      "RSI14": 43.08,
      "ATR14": 2.796323,
      "BB_MA20": 219.558501,
      "BB_LOWER": 212.632522,
      "CLOSE": 216.47999572753906
    },
    "NASDAQ:META": {
      "RSI14": 50.29,
      "ATR14": 9.466297,
      "BB_MA20": 726.495001,
      "BB_LOWER": 694.225595,
      "CLOSE": 732.1699829101562
    },
    "NASDAQ:AMD": {
      "RSI14": 73.48,
      "ATR14": 6.838795,
      "BB_MA20": 197.197499,
      "BB_LOWER": 132.092104,
      "CLOSE": 240.55999755859375
    },
    "NASDAQ:LRCX": {
      "RSI14": 61.9,
      "ATR14": 3.300943,
      "BB_MA20": 138.513498,
      "BB_LOWER": 125.350859,
      "CLOSE": 144.0500030517578
    },
    "NASDAQ:ASML": {
      "RSI14": 68.4,
      "ATR14": 17.510833,
      "BB_MA20": 991.334006,
      "BB_LOWER": 924.961575,
      "CLOSE": 1042.1500244140625
    },
    "NYSE:COST": {
      "RSI14": 49.32,
      "ATR14": 8.991446,
      "BB_MA20": 929.434003,
      "BB_LOWER": 902.814742,
      "CLOSE": 936.1099853515625
    },
    "NYSE:UNH": {
      "RSI14": 63.95,
      "ATR14": 4.375002,
      "BB_MA20": 355.6935,
      "BB_LOWER": 340.394552,
      "CLOSE": 364.4800109863281
    },
    "NYSE:JPM": {
      "RSI14": 47.56,
      "ATR14": 3.132284,
      "BB_MA20": 307.148997,
      "BB_LOWER": 297.227325,
      "CLOSE": 302.3599853515625
    },
    "NYSE:BRK.B": {
      "RSI14": 50.08,
      "ATR14": 3.182447,
      "BB_MA20": 496.433499,
      "BB_LOWER": 488.817489,
      "CLOSE": 494.0799865722656
    },
    "NYSE:NVO": {
      "RSI14": 45.43,
      "ATR14": 0.978944,
      "BB_MA20": 57.471501,
      "BB_LOWER": 54.07771,
      "CLOSE": 55.7400016784668
    },
    "NYSE:LLY": {
      "RSI14": 54.91,
      "ATR14": 12.066015,
      "BB_MA20": 800.766995,
      "BB_LOWER": 710.79281,
      "CLOSE": 808.9600219726562
    }
  },
  "cr": {
    "BINANCE:BTCUSDT": {
      "RSI14": 38.48,
      "ATR14": 2199.450206,
      "BB_MA20": 115848.5115,
      "BB_LOWER": 103700.865515,
      "CLOSE": 110991.82
    },
    "BINANCE:ETHUSDT": {
      "RSI14": 35.22,
      "ATR14": 138.516108,
      "BB_MA20": 4202.084,
      "BB_LOWER": 3631.766076,
      "CLOSE": 3991.29
    },
    "BINANCE:SOLUSDT": {
      "RSI14": 32.46,
      "ATR14": 8.827905,
      "BB_MA20": 207.395,
      "BB_LOWER": 168.079218,
      "CLOSE": 189.34
    },
    "BINANCE:LINKUSDT": {
      "RSI14": 38.41,
      "ATR14": 0.974043,
      "BB_MA20": 19.9595,
      "BB_LOWER": 15.23752,
      "CLOSE": 18.89
    },
    "BINANCE:XRPUSDT": {
      "RSI14": 36.86,
      "ATR14": 0.088091,
      "BB_MA20": 2.658945,
      "BB_LOWER": 2.11661,
      "CLOSE": 2.5192
    },
    "BINANCE:FETUSDT": {
      "RSI14": 18.99,
      "ATR14": 0.025431,
      "BB_MA20": 0.429275,
      "BB_LOWER": 0.159022,
      "CLOSE": 0.277
    },
    "BINANCE:ADAUSDT": {
      "RSI14": 30.77,
      "ATR14": 0.032732,
      "BB_MA20": 0.74472,
      "BB_LOWER": 0.554553,
      "CLOSE": 0.6662
    },
    "BINANCE:DOTUSDT": {
      "RSI14": 31.2,
      "ATR14": 0.161427,
      "BB_MA20": 3.58865,
      "BB_LOWER": 2.437839,
      "CLOSE": 3.102
    },
    "BINANCE:ATOMUSDT": {
      "RSI14": 32.12,
      "ATR14": 0.160964,
      "BB_MA20": 3.68625,
      "BB_LOWER": 2.75388,
      "CLOSE": 3.311
    },
    "BINANCE:ARBUSDT": {
      "RSI14": 27.84,
      "ATR14": 0.020714,
      "BB_MA20": 0.373305,
      "BB_LOWER": 0.253413,
      "CLOSE": 0.3234
    },