{
  "generated_at_brt": "2025-10-21T18:52:29-03:00",
  "eq": {
    "NYSEARCA:VUG": {
      "RSI14": 58.01,
      "ATR14": 3.593535,
      "BB_MA20": 479.950536,
      "BB_LOWER": 471.208038,
      "CLOSE": 484.489990234375
    },
    "NYSEARCA:IVW": {
      "RSI14": 56.24,
      "ATR14": 0.84614,
      "BB_MA20": 120.605001,
      "BB_LOWER": 118.723411,
      "CLOSE": 121.18000030517578
    },
    "NYSEARCA:IUSG": {
      "RSI14": 56.12,
      "ATR14": 1.145151,
      "BB_MA20": 164.421,
      "BB_LOWER": 161.875662,
      "CLOSE": 165.19000244140625
    },
    "NYSEARCA:SGOV": {
      "RSI14": 97.3,
      "ATR14": 0.016985,
      "BB_MA20": 100.447268,
      "BB_LOWER": 100.267435,
      "CLOSE": 100.5999984741211
    },
    "NASDAQ:QQQM": {
      "RSI14": 61.06,
      "ATR14": 1.847717,
      "BB_MA20": 248.023001,
      "BB_LOWER": 243.045891,
      "CLOSE": 251.69000244140625
    },
    "NASDAQ:SOXX": {
      "RSI14": 61.91,
      "ATR14": 4.534594,
      "BB_MA20": 281.059499,
      "BB_LOWER": 263.861874,
      "CLOSE": 291.3299865722656
    },
    "NASDAQ:NVDA": {
      "RSI14": 49.37,
      "ATR14": 2.779103,
      "BB_MA20": 183.873001,
      "BB_LOWER": 175.478821,
      "CLOSE": 181.16000366210938
    },
    "NASDAQ:AVGO": {
      "RSI14": 51.99,
      "ATR14": 6.711823,
      "BB_MA20": 340.613998,
      "BB_LOWER": 323.49733,
      "CLOSE": 342.6600036621094
    },
    "NYSE:TSM": {
      "RSI14": 56.29,
      "ATR14": 6.438885,
      "BB_MA20": 291.209,
      "BB_LOWER": 270.694006,
      "CLOSE": 294.510009765625
    },
    "NYSE:PLTR": {
      "RSI14": 56.24,
      "ATR14": 2.942762,
      "BB_MA20": 180.2355,
      "BB_LOWER": 173.553756,
      "CLOSE": 181.50999450683594
    },
    "NYSE:VST": {
      "RSI14": 40.0,
      "ATR14": 5.399932,
      "BB_MA20": 202.1385,
      "BB_LOWER": 190.147541,
      "CLOSE": 186.52000427246094
    },
    "NYSEARCA:ARGT": {
      "RSI14": 45.34,
      "ATR14": 1.330508,
      "BB_MA20": 71.252,
      "BB_LOWER": 66.795427,
      "CLOSE": 70.48999786376953
    },
    "NYSEARCA:SPY": {
      "RSI14": 59.55,
      "ATR14": 3.772687,
      "BB_MA20": 665.689493,
      "BB_LOWER": 655.367001,
      "CLOSE": 671.2899780273438
    },
    "NYSEARCA:VOO": {
      "RSI14": 59.57,
      "ATR14": 3.44364,
      "BB_MA20": 611.992609,
      "BB_LOWER": 602.519054,
      "CLOSE": 617.0900268554688
    },
    "NYSEARCA:VTI": {
      "RSI14": 59.14,
      "ATR14": 1.921299,
      "BB_MA20": 328.150275,
      "BB_LOWER": 323.078085,
      "CLOSE": 330.9100036621094
    },
    "NASDAQ:QQQ": {
      "RSI14": 61.0,
      "ATR14": 4.506175,
      "BB_MA20": 602.489496,
      "BB_LOWER": 590.397309,
      "CLOSE": 611.3800048828125
    },
    "NYSEARCA:XLK": {
      "RSI14": 60.88,
      "ATR14": 2.531297,
      "BB_MA20": 284.130501,
      "BB_LOWER": 276.487938,
      "CLOSE": 288.3399963378906
    },
    "NYSEARCA:SMH": {
      "RSI14": 62.25,
      "ATR14": 4.762962,
      "BB_MA20": 335.617496,
      "BB_LOWER": 317.472343,
      "CLOSE": 345.29998779296875
    },
    "NYSEARCA:IJR": {
      "RSI14": 56.06,
      "ATR14": 1.114941,
      "BB_MA20": 118.438999,
      "BB_LOWER": 115.815932,
      "CLOSE": 119.79000091552734
    },
    "NYSEARCA:IWF": {
      "RSI14": 58.24,
      "ATR14": 3.396968,
      "BB_MA20": 468.535999,
      "BB_LOWER": 460.465037,
      "CLOSE": 472.54998779296875
    },
    "NYSEARCA:IWD": {
      "RSI14": 58.68,
      "ATR14": 1.089286,
      "BB_MA20": 203.363998,
      "BB_LOWER": 200.417336,
      "CLOSE": 205.0800018310547
    },
    "NYSEARCA:XLV": {
      "RSI14": 68.86,
      "ATR14": 0.878627,
      "BB_MA20": 141.7045,
      "BB_LOWER": 134.907964,
      "CLOSE": 145.1300048828125
    },
    "NYSEARCA:XLF": {
      "RSI14": 46.79,
      "ATR14": 0.389541,
      "BB_MA20": 53.223,
      "BB_LOWER": 51.968119,
      "CLOSE": 52.72999954223633
    },
    "NYSEARCA:XLE": {
      "RSI14": 46.33,
      "ATR14": 0.742865,
      "BB_MA20": 88.2255,
      "BB_LOWER": 84.339519,
      "CLOSE": 86.69000244140625
    },
    "NASDAQ:MSFT": {
      "RSI14": 53.65,
      "ATR14": 3.228213,
      "BB_MA20": 516.271994,
      "BB_LOWER": 505.628478,
      "CLOSE": 517.6599731445312
    },
    "NASDAQ:AAPL": {
      "RSI14": 66.72,
      "ATR14": 2.949331,
      "BB_MA20": 254.217999,
      "BB_LOWER": 244.854654,
      "CLOSE": 262.7699890136719
    },
    "NASDAQ:GOOGL": {
      "RSI14": 57.9,
      "ATR14": 3.064975,
      "BB_MA20": 246.693499,
      "BB_LOWER": 237.978322,
      "CLOSE": 250.4600067138672
    },
    "NASDAQ:AMZN": {
      "RSI14": 51.0,
      "ATR14": 2.984214,
      "BB_MA20": 219.6245,
      "BB_LOWER": 212.631059,
      "CLOSE": 222.02999877929688
    },
    "NASDAQ:META": {
      "RSI14": 51.56,
      "ATR14": 8.874019,
      "BB_MA20": 725.388501,
      "BB_LOWER": 695.749046,
      "CLOSE": 733.27001953125
    },
    "NASDAQ:AMD": {
      "RSI14": 71.82,
      "ATR14": 6.5454,
      "BB_MA20": 201.053999,
      "BB_LOWER": 135.868273,
      "CLOSE": 238.02999877929688
    },
    "NASDAQ:LRCX": {
      "RSI14": 63.37,
      "ATR14": 3.105786,
      "BB_MA20": 139.181998,
      "BB_LOWER": 126.119847,
      "CLOSE": 145.0399932861328
    },
    "NASDAQ:ASML": {
      "RSI14": 64.27,
      "ATR14": 17.45973,
      "BB_MA20": 994.409506,
      "BB_LOWER": 927.779338,
      "CLOSE": 1025.02001953125
    },
    "NYSE:COST": {
      "RSI14": 50.2,
      "ATR14": 8.400369,
      "BB_MA20": 929.129004,
      "BB_LOWER": 903.031301,
      "CLOSE": 937.5
    },
    "NYSE:UNH": {
      "RSI14": 64.83,
      "ATR14": 4.164084,
      "BB_MA20": 356.577499,
      "BB_LOWER": 341.187642,
      "CLOSE": 365.3699951171875
    },
    "NYSE:JPM": {
      "RSI14": 42.84,
      "ATR14": 3.327206,
      "BB_MA20": 306.442154,
      "BB_LOWER": 295.795466,
      "CLOSE": 297.0899963378906
    },
    "NYSE:BRK.B": {
      "RSI14": 47.03,
      "ATR14": 3.16121,
      "BB_MA20": 496.292999,
      "BB_LOWER": 488.410949,
      "CLOSE": 491.2900085449219
    },
    "NYSE:NVO": {
      "RSI14": 42.95,
      "ATR14": 0.989703,
      "BB_MA20": 57.2335,
      "BB_LOWER": 53.786134,
      "CLOSE": 54.779998779296875
    },
    "NYSE:LLY": {
      "RSI14": 52.1,
      "ATR14": 11.946077,
      "BB_MA20": 803.396497,
      "BB_LOWER": 716.855322,
      "CLOSE": 799.5700073242188
    }
  },
  "cr": {
    "BINANCE:BTCUSDT": {
      "RSI14": 43.04,
      "ATR14": 1811.170398,
      "BB_MA20": 115439.3355,
      "BB_LOWER": 103139.86083,
      "CLOSE": 110871.2
    },
    "BINANCE:ETHUSDT": {
      "RSI14": 42.29,
      "ATR14": 105.754572,
      "BB_MA20": 4181.5735,
      "BB_LOWER": 3604.43662,
      "CLOSE": 3949.89
    },
    "BINANCE:SOLUSDT": {
      "RSI14": 38.16,
      "ATR14": 7.313302,
      "BB_MA20": 205.871,
      "BB_LOWER": 166.584604,
      "CLOSE": 191.19
    },
    "BINANCE:LINKUSDT": {
      "RSI14": 41.55,
      "ATR14": 0.7995,
      "BB_MA20": 19.7185,
      "BB_LOWER": 15.073489,
      "CLOSE": 17.99
    },
    "BINANCE:XRPUSDT": {
      "RSI14": 40.16,
      "ATR14": 0.071048,
      "BB_MA20": 2.63412,
      "BB_LOWER": 2.102104,
      "CLOSE": 2.4764
    },
    "BINANCE:FETUSDT": {
      "RSI14": 19.51,
      "ATR14": 0.022984,
      "BB_MA20": 0.411735,
      "BB_LOWER": 0.141137,
      "CLOSE": 0.251
    },
    "BINANCE:ADAUSDT": {
      "RSI14": 35.35,
      "ATR14": 0.025761,
      "BB_MA20": 0.735025,
      "BB_LOWER": 0.547752,
      "CLOSE": 0.6606
    },
    "BINANCE:DOTUSDT": {
      "RSI14": 35.34,
      "ATR14": 0.131738,
      "BB_MA20": 3.53645,
      "BB_LOWER": 2.393195,
      "CLOSE": 3.098
    },
    "BINANCE:ATOMUSDT": {
      "RSI14": 37.55,
      "ATR14": 0.124189,
      "BB_MA20": 3.642,
      "BB_LOWER": 2.715404,
      "CLOSE": 3.289
    },
    "BINANCE:ARBUSDT": {
      "RSI14": 36.41,
      "ATR14": 0.014468,
      "BB_MA20": 0.367575,
      "BB_LOWER": 0.249141,
      "CLOSE": 0.322
    },
    "BINANCE:OPUSDT": {
      "RSI14": 27.99,