{
  "generated_at_brt": "2025-10-20T15:04:02-03:00",
  "eq": {
    "NYSEARCA:VUG": {
      "RSI14": 57.91,
      "ATR14": 3.882913,
      "BB_MA20": 479.672549,
      "BB_LOWER": 471.107781,
      "CLOSE": 485.1600036621094
    },
    "NYSEARCA:IVW": {
      "RSI14": 57.04,
      "ATR14": 0.899994,
      "BB_MA20": 120.574251,
      "BB_LOWER": 118.694514,
      "CLOSE": 121.57499694824219
    },
    "NYSEARCA:IUSG": {
      "RSI14": 56.9,
      "ATR14": 1.211148,
      "BB_MA20": 164.38,
      "BB_LOWER": 161.84369,
      "CLOSE": 165.67999267578125
    },
    "NYSEARCA:SGOV": {
      "RSI14": 97.07,
      "ATR14": 0.016846,
      "BB_MA20": 100.431928,
      "BB_LOWER": 100.254502,
      "CLOSE": 100.58000183105469
    },
    "NASDAQ:QQQM": {
      "RSI14": 61.26,
      "ATR14": 2.014162,
      "BB_MA20": 247.771001,
      "BB_LOWER": 242.966122,
      "CLOSE": 252.16000366210938
    },
    "NASDAQ:SOXX": {
      "RSI14": 63.81,
      "ATR14": 4.841041,
      "BB_MA20": 280.0145,
      "BB_LOWER": 262.650049,
      "CLOSE": 293.8900146484375
    },
    "NASDAQ:NVDA": {
      "RSI14": 51.22,
      "ATR14": 2.872164,
      "BB_MA20": 183.785751,
      "BB_LOWER": 175.149013,
      "CLOSE": 183.625
    },
    "NASDAQ:AVGO": {
      "RSI14": 55.09,
      "ATR14": 6.785735,
      "BB_MA20": 340.451999,
      "BB_LOWER": 323.296798,
      "CLOSE": 349.7200012207031
    },
    "NYSE:TSM": {
      "RSI14": 58.64,
      "ATR14": 6.832768,
      "BB_MA20": 290.729498,
      "BB_LOWER": 269.778904,
      "CLOSE": 299.9100036621094
    },
    "NYSE:PLTR": {
      "RSI14": 55.55,
      "ATR14": 3.16304,
      "BB_MA20": 180.3062,
      "BB_LOWER": 173.553213,
      "CLOSE": 181.96400451660156
    },
    "NYSE:VST": {
      "RSI14": 44.01,
      "ATR14": 5.068281,
      "BB_MA20": 203.065,
      "BB_LOWER": 193.577251,
      "CLOSE": 195.0500030517578
    },
    "NYSEARCA:ARGT": {
      "RSI14": 45.95,
      "ATR14": 1.379156,
      "BB_MA20": 71.468,
      "BB_LOWER": 66.743535,
      "CLOSE": 70.97000122070312
    },
    "NYSEARCA:SPY": {
      "RSI14": 59.62,
      "ATR14": 4.068619,
      "BB_MA20": 665.324496,
      "BB_LOWER": 655.183015,
      "CLOSE": 672.0800170898438
    },
    "NYSEARCA:VOO": {
      "RSI14": 59.74,
      "ATR14": 3.708947,
      "BB_MA20": 611.664661,
      "BB_LOWER": 602.352485,
      "CLOSE": 617.905029296875
    },
    "NYSEARCA:VTI": {
      "RSI14": 59.3,
      "ATR14": 2.069602,
      "BB_MA20": 327.981049,
      "BB_LOWER": 323.012386,
      "CLOSE": 331.2950134277344
    },
    "NASDAQ:QQQ": {
      "RSI14": 61.2,
      "ATR14": 4.916417,
      "BB_MA20": 601.881277,
      "BB_LOWER": 590.198126,
      "CLOSE": 612.5556030273438
    },
    "NYSEARCA:XLK": {
      "RSI14": 60.84,
      "ATR14": 2.781498,
      "BB_MA20": 283.765251,
      "BB_LOWER": 276.094148,
      "CLOSE": 289.0050048828125
    },
    "NYSEARCA:SMH": {
      "RSI14": 64.0,
      "ATR14": 5.101104,
      "BB_MA20": 334.495497,
      "BB_LOWER": 315.791142,
      "CLOSE": 348.3800048828125
    },
    "NYSEARCA:IJR": {
      "RSI14": 55.4,
      "ATR14": 1.182902,
      "BB_MA20": 118.422499,
      "BB_LOWER": 115.828452,
      "CLOSE": 119.58000183105469
    },
    "NYSEARCA:IWF": {
      "RSI14": 58.01,
      "ATR14": 3.677884,
      "BB_MA20": 468.323499,
      "BB_LOWER": 460.39552,
      "CLOSE": 473.2300109863281
    },
    "NYSEARCA:IWD": {
      "RSI14": 58.65,
      "ATR14": 1.172022,
      "BB_MA20": 203.248998,
      "BB_LOWER": 200.377415,
      "CLOSE": 205.05999755859375
    },
    "NYSEARCA:XLV": {
      "RSI14": 68.33,
      "ATR14": 0.930114,
      "BB_MA20": 141.304,
      "BB_LOWER": 134.37773,
      "CLOSE": 144.97000122070312
    },
    "NYSEARCA:XLF": {
      "RSI14": 47.47,
      "ATR14": 0.416174,
      "BB_MA20": 53.27625,
      "BB_LOWER": 52.024599,
      "CLOSE": 52.82500076293945
    },
    "NYSEARCA:XLE": {
      "RSI14": 45.7,
      "ATR14": 0.762307,
      "BB_MA20": 88.3405,
      "BB_LOWER": 84.484682,
      "CLOSE": 86.69999694824219
    },
    "NASDAQ:MSFT": {
      "RSI14": 52.98,
      "ATR14": 3.523155,
      "BB_MA20": 515.902498,
      "BB_LOWER": 504.82537,
      "CLOSE": 517.8300170898438
    },
    "NASDAQ:AAPL": {
      "RSI14": 67.24,
      "ATR14": 3.21965,
      "BB_MA20": 253.848994,
      "BB_LOWER": 245.144188,
      "CLOSE": 263.19989013671875
    },
    "NASDAQ:GOOGL": {
      "RSI14": 67.52,
      "ATR14": 2.803145,
      "BB_MA20": 246.732249,
      "BB_LOWER": 237.991266,
      "CLOSE": 256.125
    },
    "NASDAQ:AMZN": {
      "RSI14": 42.08,
      "ATR14": 2.748459,
      "BB_MA20": 219.524996,
      "BB_LOWER": 212.533599,
      "CLOSE": 215.80990600585938
    },
    "NASDAQ:META": {
      "RSI14": 50.77,
      "ATR14": 9.557727,
      "BB_MA20": 726.559003,
      "BB_LOWER": 694.23979,
      "CLOSE": 733.4500122070312
    },
    "NASDAQ:AMD": {
      "RSI14": 73.87,
      "ATR14": 6.939509,
      "BB_MA20": 197.267999,
      "BB_LOWER": 131.972159,
      "CLOSE": 241.97000122070312
    },
    "NASDAQ:LRCX": {
      "RSI14": 62.4,
      "ATR14": 3.344514,
      "BB_MA20": 138.543998,
      "BB_LOWER": 125.327467,
      "CLOSE": 144.66000366210938
    },
    "NASDAQ:ASML": {
      "RSI14": 69.0,
      "ATR14": 17.850119,
      "BB_MA20": 991.571506,
      "BB_LOWER": 924.44374,
      "CLOSE": 1046.9000244140625
    },
    "NYSE:COST": {
      "RSI14": 48.33,
      "ATR14": 9.175018,
      "BB_MA20": 929.305502,
      "BB_LOWER": 902.791788,
      "CLOSE": 933.5399780273438
    },
    "NYSE:UNH": {
      "RSI14": 63.91,
      "ATR14": 4.370795,
      "BB_MA20": 355.690555,
      "BB_LOWER": 340.398352,
      "CLOSE": 364.4211120605469
    },
    "NYSE:JPM": {
      "RSI14": 48.08,
      "ATR14": 3.163713,
      "BB_MA20": 307.170998,
      "BB_LOWER": 297.290031,
      "CLOSE": 302.79998779296875
    },
    "NYSE:BRK.B": {
      "RSI14": 49.11,
      "ATR14": 3.12209,
      "BB_MA20": 496.391249,
      "BB_LOWER": 488.714351,
      "CLOSE": 493.2349853515625
    },
    "NYSE:NVO": {
      "RSI14": 47.01,
      "ATR14": 1.00823,
      "BB_MA20": 57.492001,
      "BB_LOWER": 54.135546,
      "CLOSE": 56.150001525878906
    },
    "NYSE:LLY": {
      "RSI14": 53.91,
      "ATR14": 11.803158,
      "BB_MA20": 800.582996,
      "BB_LOWER": 710.661547,
      "CLOSE": 805.280029296875
    }
  },
  "cr": {
    "BINANCE:BTCUSDT": {
      "RSI14": 37.16,
      "ATR14": 2153.217349,
      "BB_MA20": 115816.1485,
      "BB_LOWER": 103613.59469,
      "CLOSE": 110344.56
    },
    "BINANCE:ETHUSDT": {
      "RSI14": 34.39,
      "ATR14": 140.066108,
      "BB_MA20": 4200.128,
      "BB_LOWER": 3626.671977,
      "CLOSE": 3952.17
    },
    "BINANCE:SOLUSDT": {
      "RSI14": 31.63,
      "ATR14": 8.723619,
      "BB_MA20": 207.32,
      "BB_LOWER": 167.861272,
      "CLOSE": 187.84
    },
    "BINANCE:LINKUSDT": {
      "RSI14": 37.68,
      "ATR14": 0.962615,
      "BB_MA20": 19.9515,
      "BB_LOWER": 15.221763,
      "CLOSE": 18.73
    },
    "BINANCE:XRPUSDT": {
      "RSI14": 33.73,
      "ATR14": 0.083934,
      "BB_MA20": 2.656035,
      "BB_LOWER": 2.110119,
      "CLOSE": 2.461
    },
    "BINANCE:FETUSDT": {
      "RSI14": 18.97,
      "ATR14": 0.02546,
      "BB_MA20": 0.429255,
      "BB_LOWER": 0.158956,
      "CLOSE": 0.2766
    },
    "BINANCE:ADAUSDT": {
      "RSI14": 29.86,
      "ATR14": 0.032311,
      "BB_MA20": 0.744425,
      "BB_LOWER": 0.553754,
      "CLOSE": 0.6603
    },
    "BINANCE:DOTUSDT": {
      "RSI14": 30.18,
      "ATR14": 0.15907,
      "BB_MA20": 3.587,
      "BB_LOWER": 2.433312,
      "CLOSE": 3.069
    },
    "BINANCE:ATOMUSDT": {
      "RSI14": 30.8,
      "ATR14": 0.157893,
      "BB_MA20": 3.6841,
      "BB_LOWER": 2.748088,
      "CLOSE": 3.268
    },
    "BINANCE:ARBUSDT": {
      "RSI14": 27.03,
      "ATR14": 0.020485,
      "BB_MA20": 0.373145,
      "BB_LOWER": 0.252979,
      "CLOSE": 0.3202
    },
    "BINANCE:OPUSDT": {
      "RSI14": 21.48,