{
  "generated_at_brt": "2025-10-23T14:28:32-03:00",
  "eq": {
    "NYSEARCA:VUG": {
      "RSI14": 56.89,
      "ATR14": 3.55973,
      "BB_MA20": 480.705147,
      "BB_LOWER": 472.45891,
      "CLOSE": 484.29998779296875
    },
    "NYSEARCA:IVW": {
      "RSI14": 55.74,
      "ATR14": 0.826281,
      "BB_MA20": 120.738001,
      "BB_LOWER": 118.985956,
      "CLOSE": 121.27999877929688
    },
    "NYSEARCA:IUSG": {
      "RSI14": 55.86,
      "ATR14": 1.127367,
      "BB_MA20": 164.6005,
      "BB_LOWER": 162.218005,
      "CLOSE": 165.41000366210938
    },
    "NYSEARCA:SGOV": {
      "RSI14": 97.54,
      "ATR14": 0.016023,
      "BB_MA20": 100.477952,
      "BB_LOWER": 100.298823,
      "CLOSE": 100.62000274658203
    },
    "NASDAQ:QQQM": {
      "RSI14": 58.04,
      "ATR14": 1.86269,
      "BB_MA20": 248.542001,
      "BB_LOWER": 243.908091,
      "CLOSE": 250.83999633789062
    },
    "NASDAQ:SOXX": {
      "RSI14": 59.26,
      "ATR14": 4.808497,
      "BB_MA20": 282.90575,
      "BB_LOWER": 267.445851,
      "CLOSE": 290.135009765625
    },
    "NASDAQ:NVDA": {
      "RSI14": 50.26,
      "ATR14": 2.556523,
      "BB_MA20": 184.243796,
      "BB_LOWER": 176.748402,
      "CLOSE": 181.7958984375
    },
    "NASDAQ:AVGO": {
      "RSI14": 52.51,
      "ATR14": 6.179907,
      "BB_MA20": 341.039247,
      "BB_LOWER": 324.01977,
      "CLOSE": 343.614990234375
    },
    "NYSE:TSM": {
      "RSI14": 54.43,
      "ATR14": 6.1453,
      "BB_MA20": 292.40775,
      "BB_LOWER": 273.642441,
      "CLOSE": 292.4649963378906
    },
    "NYSE:PLTR": {
      "RSI14": 54.0,
      "ATR14": 3.281399,
      "BB_MA20": 180.122,
      "BB_LOWER": 173.132601,
      "CLOSE": 180.9199981689453
    },
    "NYSE:VST": {
      "RSI14": 41.37,
      "ATR14": 4.896856,
      "BB_MA20": 200.714471,
      "BB_LOWER": 185.83428,
      "CLOSE": 189.36940002441406
    },
    "NYSEARCA:ARGT": {
      "RSI14": 53.51,
      "ATR14": 1.348928,
      "BB_MA20": 70.957,
      "BB_LOWER": 67.117595,
      "CLOSE": 73.4800033569336
    },
    "NYSEARCA:SPY": {
      "RSI14": 57.73,
      "ATR14": 3.660842,
      "BB_MA20": 666.664493,
      "BB_LOWER": 657.016532,
      "CLOSE": 670.8499755859375
    },
    "NYSEARCA:VOO": {
      "RSI14": 57.87,
      "ATR14": 3.340537,
      "BB_MA20": 612.899002,
      "BB_LOWER": 604.063054,
      "CLOSE": 616.780029296875
    },
    "NYSEARCA:VTI": {
      "RSI14": 57.11,
      "ATR14": 1.891205,
      "BB_MA20": 328.614149,
      "BB_LOWER": 323.904561,
      "CLOSE": 330.6000061035156
    },
    "NASDAQ:QQQ": {
      "RSI14": 58.11,
      "ATR14": 4.54907,
      "BB_MA20": 603.755774,
      "BB_LOWER": 592.480967,
      "CLOSE": 609.465576171875
    },
    "NYSEARCA:XLK": {
      "RSI14": 59.66,
      "ATR14": 2.584986,
      "BB_MA20": 285.0065,
      "BB_LOWER": 278.247599,
      "CLOSE": 288.5199890136719
    },
    "NYSEARCA:SMH": {
      "RSI14": 59.67,
      "ATR14": 4.945464,
      "BB_MA20": 337.645247,
      "BB_LOWER": 322.00631,
      "CLOSE": 344.125
    },
    "NYSEARCA:IJR": {
      "RSI14": 54.48,
      "ATR14": 1.088473,
      "BB_MA20": 118.59275,
      "BB_LOWER": 115.95607,
      "CLOSE": 119.81500244140625
    },
    "NYSEARCA:IWF": {
      "RSI14": 56.75,
      "ATR14": 3.410742,
      "BB_MA20": 469.182498,
      "BB_LOWER": 461.589976,
      "CLOSE": 472.2699890136719
    },
    "NYSEARCA:IWD": {
      "RSI14": 56.16,
      "ATR14": 1.026861,
      "BB_MA20": 203.637498,
      "BB_LOWER": 200.8436,
      "CLOSE": 204.75999450683594
    },
    "NYSEARCA:XLV": {
      "RSI14": 68.93,
      "ATR14": 0.804682,
      "BB_MA20": 142.7675,
      "BB_LOWER": 137.149761,
      "CLOSE": 145.82000732421875
    },
    "NYSEARCA:XLF": {
      "RSI14": 44.51,
      "ATR14": 0.358354,
      "BB_MA20": 53.116005,
      "BB_LOWER": 51.806733,
      "CLOSE": 52.510101318359375
    },
    "NYSEARCA:XLE": {
      "RSI14": 57.94,
      "ATR14": 0.817306,
      "BB_MA20": 88.00725,
      "BB_LOWER": 84.459921,
      "CLOSE": 89.32499694824219
    },
    "NASDAQ:MSFT": {
      "RSI14": 58.56,
      "ATR14": 3.113367,
      "BB_MA20": 517.539243,
      "BB_LOWER": 507.924,
      "CLOSE": 521.9849853515625
    },
    "NASDAQ:AAPL": {
      "RSI14": 61.26,
      "ATR14": 2.927133,
      "BB_MA20": 254.671499,
      "BB_LOWER": 244.948919,
      "CLOSE": 259.79998779296875
    },
    "NASDAQ:GOOGL": {
      "RSI14": 61.44,
      "ATR14": 2.861764,
      "BB_MA20": 247.3075,
      "BB_LOWER": 237.897057,
      "CLOSE": 253.52000427246094
    },
    "NASDAQ:AMZN": {
      "RSI14": 49.15,
      "ATR14": 3.011559,
      "BB_MA20": 219.601305,
      "BB_LOWER": 212.602438,
      "CLOSE": 219.94610595703125
    },
    "NASDAQ:META": {
      "RSI14": 52.62,
      "ATR14": 7.821961,
      "BB_MA20": 723.406503,
      "BB_LOWER": 700.147791,
      "CLOSE": 736.52001953125
    },
    "NASDAQ:AMD": {
      "RSI14": 66.87,
      "ATR14": 6.363078,
      "BB_MA20": 208.113499,
      "BB_LOWER": 146.580948,
      "CLOSE": 233.11000061035156
    },
    "NASDAQ:LRCX": {
      "RSI14": 63.6,
      "ATR14": 3.372909,
      "BB_MA20": 140.794498,
      "BB_LOWER": 129.537474,
      "CLOSE": 147.4499969482422
    },
    "NASDAQ:ASML": {
      "RSI14": 64.01,
      "ATR14": 17.425024,
      "BB_MA20": 1001.795508,
      "BB_LOWER": 940.808361,
      "CLOSE": 1032.6400146484375
    },
    "NYSE:COST": {
      "RSI14": 49.7,
      "ATR14": 8.273927,
      "BB_MA20": 928.819254,
      "BB_LOWER": 903.295618,
      "CLOSE": 937.7050170898438
    },
    "NYSE:UNH": {
      "RSI14": 57.15,
      "ATR14": 3.969041,
      "BB_MA20": 357.809999,
      "BB_LOWER": 343.322088,
      "CLOSE": 360.5299987792969
    },
    "NYSE:JPM": {
      "RSI14": 40.32,
      "ATR14": 3.081724,
      "BB_MA20": 304.700798,
      "BB_LOWER": 292.605882,
      "CLOSE": 294.8999938964844
    },
    "NYSE:BRK.B": {
      "RSI14": 44.92,
      "ATR14": 2.849528,
      "BB_MA20": 495.795,
      "BB_LOWER": 487.315438,
      "CLOSE": 490.2799987792969
    },
    "NYSE:NVO": {
      "RSI14": 36.91,
      "ATR14": 0.93702,
      "BB_MA20": 56.8245,
      "BB_LOWER": 52.741862,
      "CLOSE": 53.220001220703125
    },
    "NYSE:LLY": {
      "RSI14": 56.99,
      "ATR14": 11.472817,
      "BB_MA20": 812.130997,
      "BB_LOWER": 742.042077,
      "CLOSE": 818.7000122070312
    }
  },
  "cr": {
    "BINANCE:BTCUSDT": {
      "RSI14": 35.17,
      "ATR14": 2325.6031,
      "BB_MA20": 114053.5785,
      "BB_LOWER": 101667.676738,
      "CLOSE": 110052.3
    },
    "BINANCE:ETHUSDT": {
      "RSI14": 32.78,
      "ATR14": 134.531231,
      "BB_MA20": 4112.2985,
      "BB_LOWER": 3539.573463,
      "CLOSE": 3883.03
    },
    "BINANCE:SOLUSDT": {
      "RSI14": 34.17,
      "ATR14": 9.014626,
      "BB_MA20": 200.7615,
      "BB_LOWER": 164.107086,
      "CLOSE": 190.83
    },
    "BINANCE:LINKUSDT": {
      "RSI14": 33.66,
      "ATR14": 0.919009,
      "BB_MA20": 19.1725,
      "BB_LOWER": 14.757517,
      "CLOSE": 17.53
    },
    "BINANCE:XRPUSDT": {
      "RSI14": 29.77,
      "ATR14": 0.088329,
      "BB_MA20": 2.565705,
      "BB_LOWER": 2.088155,
      "CLOSE": 2.4002
    },
    "BINANCE:FETUSDT": {
      "RSI14": 20.44,
      "ATR14": 0.023879,
      "BB_MA20": 0.375495,
      "BB_LOWER": 0.120162,
      "CLOSE": 0.2511
    },
    "BINANCE:ADAUSDT": {
      "RSI14": 31.43,
      "ATR14": 0.029618,
      "BB_MA20": 0.71077,
      "BB_LOWER": 0.536628,
      "CLOSE": 0.645
    },
    "BINANCE:DOTUSDT": {
      "RSI14": 31.39,
      "ATR14": 0.143488,
      "BB_MA20": 3.39645,
      "BB_LOWER": 2.32908,
      "CLOSE": 3.0
    },
    "BINANCE:ATOMUSDT": {
      "RSI14": 33.5,
      "ATR14": 0.134995,
      "BB_MA20": 3.52305,
      "BB_LOWER": 2.661973,
      "CLOSE": 3.201
    },
    "BINANCE:ARBUSDT": {
      "RSI14": 32.85,
      "ATR14": 0.016828,
      "BB_MA20": 0.3527,
      "BB_LOWER": 0.243191,
      "CLOSE": 0.315
    },
    "BINANCE:OPUSDT": {
      "RSI14": 26.09,