{
  "generated_at_brt": "2025-10-23T14:44:01-03:00",
  "eq": {
    "NYSEARCA:VUG": {
      "RSI14": 57.86,
      "ATR14": 3.641874,
      "BB_MA20": 480.762648,
      "BB_LOWER": 472.401705,
      "CLOSE": 485.45001220703125
    },
    "NYSEARCA:IVW": {
      "RSI14": 56.74,
      "ATR14": 0.845317,
      "BB_MA20": 120.751326,
      "BB_LOWER": 118.979059,
      "CLOSE": 121.54650115966797
    },
    "NYSEARCA:IUSG": {
      "RSI14": 56.74,
      "ATR14": 1.150223,
      "BB_MA20": 164.6165,
      "BB_LOWER": 162.208315,
      "CLOSE": 165.72999572753906
    },
    "NYSEARCA:SGOV": {
      "RSI14": 97.42,
      "ATR14": 0.015308,
      "BB_MA20": 100.477452,
      "BB_LOWER": 100.299863,
      "CLOSE": 100.61000061035156
    },
    "NASDAQ:QQQM": {
      "RSI14": 59.03,
      "ATR14": 1.907691,
      "BB_MA20": 248.573501,
      "BB_LOWER": 243.8695,
      "CLOSE": 251.47000122070312
    },
    "NASDAQ:SOXX": {
      "RSI14": 59.82,
      "ATR14": 4.875995,
      "BB_MA20": 282.952998,
      "BB_LOWER": 267.399519,
      "CLOSE": 291.0799865722656
    },
    "NASDAQ:NVDA": {
      "RSI14": 51.19,
      "ATR14": 2.605387,
      "BB_MA20": 184.278001,
      "BB_LOWER": 176.82146,
      "CLOSE": 182.47999572753906
    },
    "NASDAQ:AVGO": {
      "RSI14": 53.06,
      "ATR14": 6.253123,
      "BB_MA20": 341.090498,
      "BB_LOWER": 324.034171,
      "CLOSE": 344.6400146484375
    },
    "NYSE:TSM": {
      "RSI14": 54.87,
      "ATR14": 6.204942,
      "BB_MA20": 292.4495,
      "BB_LOWER": 273.680152,
      "CLOSE": 293.29998779296875
    },
    "NYSE:PLTR": {
      "RSI14": 54.21,
      "ATR14": 3.297113,
      "BB_MA20": 180.133,
      "BB_LOWER": 173.137922,
      "CLOSE": 181.13999938964844
    },
    "NYSE:VST": {
      "RSI14": 42.3,
      "ATR14": 4.97547,
      "BB_MA20": 200.769501,
      "BB_LOWER": 186.050273,
      "CLOSE": 190.47000122070312
    },
    "NYSEARCA:ARGT": {
      "RSI14": 54.12,
      "ATR14": 1.366786,
      "BB_MA20": 70.9695,
      "BB_LOWER": 67.095844,
      "CLOSE": 73.7300033569336
    },
    "NYSEARCA:SPY": {
      "RSI14": 58.8,
      "ATR14": 3.755844,
      "BB_MA20": 666.730994,
      "BB_LOWER": 656.951119,
      "CLOSE": 672.1799926757812
    },
    "NYSEARCA:VOO": {
      "RSI14": 58.93,
      "ATR14": 3.426963,
      "BB_MA20": 612.9595,
      "BB_LOWER": 604.002352,
      "CLOSE": 617.989990234375
    },
    "NYSEARCA:VTI": {
      "RSI14": 58.22,
      "ATR14": 1.941361,
      "BB_MA20": 328.649258,
      "BB_LOWER": 323.871008,
      "CLOSE": 331.30218505859375
    },
    "NASDAQ:QQQ": {
      "RSI14": 59.01,
      "ATR14": 4.649743,
      "BB_MA20": 603.826245,
      "BB_LOWER": 592.39306,
      "CLOSE": 610.875
    },
    "NYSEARCA:XLK": {
      "RSI14": 60.47,
      "ATR14": 2.637845,
      "BB_MA20": 285.043501,
      "BB_LOWER": 278.200489,
      "CLOSE": 289.260009765625
    },
    "NYSEARCA:SMH": {
      "RSI14": 60.3,
      "ATR14": 5.024394,
      "BB_MA20": 337.700497,
      "BB_LOWER": 321.962885,
      "CLOSE": 345.2300109863281
    },
    "NYSEARCA:IJR": {
      "RSI14": 55.61,
      "ATR14": 1.11633,
      "BB_MA20": 118.61225,
      "BB_LOWER": 115.934256,
      "CLOSE": 120.20500183105469
    },
    "NYSEARCA:IWF": {
      "RSI14": 57.71,
      "ATR14": 3.487886,
      "BB_MA20": 469.236499,
      "BB_LOWER": 461.542227,
      "CLOSE": 473.3500061035156
    },
    "NYSEARCA:IWD": {
      "RSI14": 57.36,
      "ATR14": 1.055789,
      "BB_MA20": 203.657748,
      "BB_LOWER": 200.825986,
      "CLOSE": 205.1649932861328
    },
    "NYSEARCA:XLV": {
      "RSI14": 69.68,
      "ATR14": 0.796111,
      "BB_MA20": 142.7735,
      "BB_LOWER": 137.142493,
      "CLOSE": 145.94000244140625
    },
    "NYSEARCA:XLF": {
      "RSI14": 45.86,
      "ATR14": 0.367275,
      "BB_MA20": 53.12225,
      "BB_LOWER": 51.823448,
      "CLOSE": 52.6349983215332
    },
    "NYSEARCA:XLE": {
      "RSI14": 58.25,
      "ATR14": 0.823378,
      "BB_MA20": 88.011501,
      "BB_LOWER": 84.457668,
      "CLOSE": 89.41000366210938
    },
    "NASDAQ:MSFT": {
      "RSI14": 59.3,
      "ATR14": 3.170509,
      "BB_MA20": 517.579242,
      "BB_LOWER": 507.884032,
      "CLOSE": 522.7849731445312
    },
    "NASDAQ:AAPL": {
      "RSI14": 61.65,
      "ATR14": 2.956419,
      "BB_MA20": 254.691999,
      "BB_LOWER": 244.924626,
      "CLOSE": 260.2099914550781
    },
    "NASDAQ:GOOGL": {
      "RSI14": 61.98,
      "ATR14": 2.902478,
      "BB_MA20": 247.335999,
      "BB_LOWER": 237.847343,
      "CLOSE": 254.08999633789062
    },
    "NASDAQ:AMZN": {
      "RSI14": 49.5,
      "ATR14": 3.032551,
      "BB_MA20": 219.616,
      "BB_LOWER": 212.613066,
      "CLOSE": 220.24000549316406
    },
    "NASDAQ:META": {
      "RSI14": 53.1,
      "ATR14": 7.901961,
      "BB_MA20": 723.462503,
      "BB_LOWER": 700.072743,
      "CLOSE": 737.6400146484375
    },
    "NASDAQ:AMD": {
      "RSI14": 67.46,
      "ATR14": 6.477364,
      "BB_MA20": 208.193499,
      "BB_LOWER": 146.527147,
      "CLOSE": 234.7100067138672
    },
    "NASDAQ:LRCX": {
      "RSI14": 63.7,
      "ATR14": 3.382195,
      "BB_MA20": 140.800998,
      "BB_LOWER": 129.52847,
      "CLOSE": 147.5800018310547
    },
    "NASDAQ:ASML": {
      "RSI14": 64.52,
      "ATR14": 17.676114,
      "BB_MA20": 1001.971271,
      "BB_LOWER": 940.610448,
      "CLOSE": 1036.1552734375
    },
    "NYSE:COST": {
      "RSI14": 50.45,
      "ATR14": 8.151534,
      "BB_MA20": 928.904929,
      "BB_LOWER": 903.251389,
      "CLOSE": 939.4185180664062
    },
    "NYSE:UNH": {
      "RSI14": 57.15,
      "ATR14": 3.969041,
      "BB_MA20": 357.809999,
      "BB_LOWER": 343.322088,
      "CLOSE": 360.5299987792969
    },
    "NYSE:JPM": {
      "RSI14": 40.62,
      "ATR14": 3.097439,
      "BB_MA20": 304.711798,
      "BB_LOWER": 292.652208,
      "CLOSE": 295.1199951171875
    },
    "NYSE:BRK.B": {
      "RSI14": 45.82,
      "ATR14": 2.793077,
      "BB_MA20": 495.834515,
      "BB_LOWER": 487.451305,
      "CLOSE": 491.0703125
    },
    "NYSE:NVO": {
      "RSI14": 37.08,
      "ATR14": 0.932734,
      "BB_MA20": 56.8275,
      "BB_LOWER": 52.755386,
      "CLOSE": 53.279998779296875
    },
    "NYSE:LLY": {
      "RSI14": 57.15,
      "ATR14": 11.514957,
      "BB_MA20": 812.160495,
      "BB_LOWER": 742.060046,
      "CLOSE": 819.2899780273438
    }
  },
  "cr": {
    "BINANCE:BTCUSDT": {
      "RSI14": 36.62,
      "ATR14": 2378.626672,
      "BB_MA20": 114090.695,
      "BB_LOWER": 101748.606236,
      "CLOSE": 110794.63
    },
    "BINANCE:ETHUSDT": {
      "RSI14": 33.77,
      "ATR14": 136.543374,
      "BB_MA20": 4113.707,
      "BB_LOWER": 3543.109642,
      "CLOSE": 3911.2
    },
    "BINANCE:SOLUSDT": {
      "RSI14": 35.13,
      "ATR14": 9.148198,
      "BB_MA20": 200.855,
      "BB_LOWER": 164.292974,
      "CLOSE": 192.7
    },
    "BINANCE:LINKUSDT": {
      "RSI14": 34.52,
      "ATR14": 0.931152,
      "BB_MA20": 19.181,
      "BB_LOWER": 14.778061,
      "CLOSE": 17.7
    },
    "BINANCE:XRPUSDT": {
      "RSI14": 30.67,
      "ATR14": 0.089479,
      "BB_MA20": 2.56651,
      "BB_LOWER": 2.090026,
      "CLOSE": 2.4163
    },
    "BINANCE:FETUSDT": {
      "RSI14": 20.77,
      "ATR14": 0.023979,
      "BB_MA20": 0.375565,
      "BB_LOWER": 0.120368,
      "CLOSE": 0.2525
    },
    "BINANCE:ADAUSDT": {
      "RSI14": 32.4,
      "ATR14": 0.030039,
      "BB_MA20": 0.711065,
      "BB_LOWER": 0.53735,
      "CLOSE": 0.6509
    },
    "BINANCE:DOTUSDT": {
      "RSI14": 32.3,
      "ATR14": 0.145416,
      "BB_MA20": 3.3978,
      "BB_LOWER": 2.332372,
      "CLOSE": 3.027
    },
    "BINANCE:ATOMUSDT": {
      "RSI14": 34.2,
      "ATR14": 0.136423,
      "BB_MA20": 3.52405,
      "BB_LOWER": 2.664426,
      "CLOSE": 3.221
    },
    "BINANCE:ARBUSDT": {
      "RSI14": 33.75,
      "ATR14": 0.017056,
      "BB_MA20": 0.35286,
      "BB_LOWER": 0.243562,
      "CLOSE": 0.3182
    },
    "BINANCE:OPUSDT": {
      "RSI14": 26.88,