{
  "generated_at_brt": "2025-10-21T16:24:29-03:00",
  "eq": {
    "NYSEARCA:VUG": {
      "RSI14": 58.07,
      "ATR14": 3.619695,
      "BB_MA20": 479.992287,
      "BB_LOWER": 471.156,
      "CLOSE": 485.32501220703125
    },
    "NYSEARCA:IVW": {
      "RSI14": 56.44,
      "ATR14": 0.8265,
      "BB_MA20": 120.616251,
      "BB_LOWER": 118.718424,
      "CLOSE": 121.40499877929688
    },
    "NYSEARCA:IUSG": {
      "RSI14": 56.42,
      "ATR14": 1.116574,
      "BB_MA20": 164.43668,
      "BB_LOWER": 161.868822,
      "CLOSE": 165.50360107421875
    },
    "NYSEARCA:SGOV": {
      "RSI14": 97.32,
      "ATR14": 0.017071,
      "BB_MA20": 100.447268,
      "BB_LOWER": 100.267435,
      "CLOSE": 100.5999984741211
    },
    "NASDAQ:QQQM": {
      "RSI14": 61.04,
      "ATR14": 1.859834,
      "BB_MA20": 248.037751,
      "BB_LOWER": 243.015713,
      "CLOSE": 251.98500061035156
    },
    "NASDAQ:SOXX": {
      "RSI14": 61.83,
      "ATR14": 4.539946,
      "BB_MA20": 281.067499,
      "BB_LOWER": 263.850632,
      "CLOSE": 291.489990234375
    },
    "NASDAQ:NVDA": {
      "RSI14": 48.28,
      "ATR14": 2.773945,
      "BB_MA20": 183.880271,
      "BB_LOWER": 175.495256,
      "CLOSE": 181.30540466308594
    },
    "NASDAQ:AVGO": {
      "RSI14": 50.71,
      "ATR14": 6.793998,
      "BB_MA20": 340.583998,
      "BB_LOWER": 323.47968,
      "CLOSE": 342.05999755859375
    },
    "NYSE:TSM": {
      "RSI14": 55.94,
      "ATR14": 6.389562,
      "BB_MA20": 291.234499,
      "BB_LOWER": 270.701896,
      "CLOSE": 295.0199890136719
    },
    "NYSE:PLTR": {
      "RSI14": 55.28,
      "ATR14": 2.919445,
      "BB_MA20": 180.2445,
      "BB_LOWER": 173.555432,
      "CLOSE": 181.69000244140625
    },
    "NYSE:VST": {
      "RSI14": 39.42,
      "ATR14": 5.253557,
      "BB_MA20": 202.179,
      "BB_LOWER": 190.395648,
      "CLOSE": 187.3300018310547
    },
    "NYSEARCA:ARGT": {
      "RSI14": 44.75,
      "ATR14": 1.314981,
      "BB_MA20": 71.2525,
      "BB_LOWER": 66.796267,
      "CLOSE": 70.5
    },
    "NYSEARCA:SPY": {
      "RSI14": 59.7,
      "ATR14": 3.785553,
      "BB_MA20": 665.731494,
      "BB_LOWER": 655.311814,
      "CLOSE": 672.1300048828125
    },
    "NYSEARCA:VOO": {
      "RSI14": 59.82,
      "ATR14": 3.450977,
      "BB_MA20": 612.035602,
      "BB_LOWER": 602.462621,
      "CLOSE": 617.9498901367188
    },
    "NYSEARCA:VTI": {
      "RSI14": 59.37,
      "ATR14": 1.925325,
      "BB_MA20": 328.170779,
      "BB_LOWER": 323.051037,
      "CLOSE": 331.3200988769531
    },
    "NASDAQ:QQQ": {
      "RSI14": 60.93,
      "ATR14": 4.532885,
      "BB_MA20": 602.521997,
      "BB_LOWER": 590.331309,
      "CLOSE": 612.030029296875
    },
    "NYSEARCA:XLK": {
      "RSI14": 60.52,
      "ATR14": 2.561619,
      "BB_MA20": 284.146001,
      "BB_LOWER": 276.468175,
      "CLOSE": 288.6499938964844
    },
    "NYSEARCA:SMH": {
      "RSI14": 61.9,
      "ATR14": 4.772657,
      "BB_MA20": 335.634497,
      "BB_LOWER": 317.452488,
      "CLOSE": 345.6400146484375
    },
    "NYSEARCA:IJR": {
      "RSI14": 56.07,
      "ATR14": 1.115144,
      "BB_MA20": 118.439749,
      "BB_LOWER": 115.815129,
      "CLOSE": 119.80500030517578
    },
    "NYSEARCA:IWF": {
      "RSI14": 57.95,
      "ATR14": 3.410177,
      "BB_MA20": 468.564499,
      "BB_LOWER": 460.433241,
      "CLOSE": 473.1199951171875
    },
    "NYSEARCA:IWD": {
      "RSI14": 59.28,
      "ATR14": 1.10515,
      "BB_MA20": 203.374253,
      "BB_LOWER": 200.402454,
      "CLOSE": 205.28509521484375
    },
    "NYSEARCA:XLV": {
      "RSI14": 69.21,
      "ATR14": 0.888524,
      "BB_MA20": 141.713249,
      "BB_LOWER": 134.89867,
      "CLOSE": 145.30499267578125
    },
    "NYSEARCA:XLF": {
      "RSI14": 47.64,
      "ATR14": 0.387697,
      "BB_MA20": 53.2285,
      "BB_LOWER": 51.98137,
      "CLOSE": 52.84000015258789
    },
    "NYSEARCA:XLE": {
      "RSI14": 45.69,
      "ATR14": 0.735458,
      "BB_MA20": 88.225,
      "BB_LOWER": 84.338226,
      "CLOSE": 86.68000030517578
    },
    "NASDAQ:MSFT": {
      "RSI14": 52.7,
      "ATR14": 3.251805,
      "BB_MA20": 516.262994,
      "BB_LOWER": 505.623884,
      "CLOSE": 517.47998046875
    },
    "NASDAQ:AAPL": {
      "RSI14": 67.32,
      "ATR14": 2.996724,
      "BB_MA20": 254.241,
      "BB_LOWER": 244.791869,
      "CLOSE": 263.2300109863281
    },
    "NASDAQ:GOOGL": {
      "RSI14": 60.01,
      "ATR14": 2.975393,
      "BB_MA20": 246.756998,
      "BB_LOWER": 237.915385,
      "CLOSE": 251.72999572753906
    },
    "NASDAQ:AMZN": {
      "RSI14": 51.15,
      "ATR14": 3.025872,
      "BB_MA20": 219.647501,
      "BB_LOWER": 212.619624,
      "CLOSE": 222.49000549316406
    },
    "NASDAQ:META": {
      "RSI14": 50.97,
      "ATR14": 8.910847,
      "BB_MA20": 725.417999,
      "BB_LOWER": 695.74607,
      "CLOSE": 733.8599853515625
    },
    "NASDAQ:AMD": {
      "RSI14": 72.42,
      "ATR14": 6.443752,
      "BB_MA20": 201.115089,
      "BB_LOWER": 135.788728,
      "CLOSE": 239.25180053710938
    },
    "NASDAQ:LRCX": {
      "RSI14": 62.67,
      "ATR14": 3.128017,
      "BB_MA20": 139.176498,
      "BB_LOWER": 126.124129,
      "CLOSE": 144.92999267578125
    },
    "NASDAQ:ASML": {
      "RSI14": 63.93,
      "ATR14": 17.397205,
      "BB_MA20": 994.470004,
      "BB_LOWER": 927.726671,
      "CLOSE": 1026.22998046875
    },
    "NYSE:COST": {
      "RSI14": 50.18,
      "ATR14": 8.494202,
      "BB_MA20": 929.161005,
      "BB_LOWER": 903.020788,
      "CLOSE": 938.1400146484375
    },
    "NYSE:UNH": {
      "RSI14": 66.09,
      "ATR14": 4.319643,
      "BB_MA20": 356.712999,
      "BB_LOWER": 340.972157,
      "CLOSE": 368.0799865722656
    },
    "NYSE:JPM": {
      "RSI14": 43.3,
      "ATR14": 3.194264,
      "BB_MA20": 306.505653,
      "BB_LOWER": 296.069775,
      "CLOSE": 298.3599853515625
    },
    "NYSE:BRK.B": {
      "RSI14": 48.77,
      "ATR14": 3.034414,
      "BB_MA20": 496.376999,
      "BB_LOWER": 488.676286,
      "CLOSE": 492.9700012207031
    },
    "NYSE:NVO": {
      "RSI14": 42.48,
      "ATR14": 0.971984,
      "BB_MA20": 57.237426,
      "BB_LOWER": 53.801081,
      "CLOSE": 54.85850143432617
    },
    "NYSE:LLY": {
      "RSI14": 54.01,
      "ATR14": 11.391299,
      "BB_MA20": 803.734998,
      "BB_LOWER": 717.203379,
      "CLOSE": 806.3400268554688
    }
  },
  "cr": {
    "BINANCE:BTCUSDT": {
      "RSI14": 44.75,
      "ATR14": 1867.14897,
      "BB_MA20": 115478.5205,
      "BB_LOWER": 103232.6333,
      "CLOSE": 111654.9
    },
    "BINANCE:ETHUSDT": {
      "RSI14": 43.97,
      "ATR14": 105.177429,
      "BB_MA20": 4184.1025,
      "BB_LOWER": 3610.61698,
      "CLOSE": 4000.47
    },
    "BINANCE:SOLUSDT": {
      "RSI14": 39.37,
      "ATR14": 7.459731,
      "BB_MA20": 205.9735,
      "BB_LOWER": 166.830417,
      "CLOSE": 193.24
    },
    "BINANCE:LINKUSDT": {
      "RSI14": 42.08,
      "ATR14": 0.7895,
      "BB_MA20": 19.7255,
      "BB_LOWER": 15.090518,
      "CLOSE": 18.13
    },
    "BINANCE:XRPUSDT": {
      "RSI14": 40.71,
      "ATR14": 0.070077,
      "BB_MA20": 2.6348,
      "BB_LOWER": 2.103558,
      "CLOSE": 2.49
    },
    "BINANCE:FETUSDT": {
      "RSI14": 19.99,
      "ATR14": 0.022434,
      "BB_MA20": 0.41212,
      "BB_LOWER": 0.142418,
      "CLOSE": 0.2587
    },
    "BINANCE:ADAUSDT": {
      "RSI14": 36.44,
      "ATR14": 0.025989,
      "BB_MA20": 0.735375,
      "BB_LOWER": 0.548634,
      "CLOSE": 0.6676
    },
    "BINANCE:DOTUSDT": {
      "RSI14": 36.38,
      "ATR14": 0.133881,
      "BB_MA20": 3.53795,
      "BB_LOWER": 2.396924,
      "CLOSE": 3.128
    },
    "BINANCE:ATOMUSDT": {
      "RSI14": 37.87,
      "ATR14": 0.124832,
      "BB_MA20": 3.64245,
      "BB_LOWER": 2.716532,
      "CLOSE": 3.298
    },
    "BINANCE:ARBUSDT": {
      "RSI14": 37.75,
      "ATR14": 0.014768,
      "BB_MA20": 0.367795,
      "BB_LOWER": 0.249684,
      "CLOSE": 0.3264
    },
    "BINANCE:OPUSDT": {
      "RSI14": 29.62,