{
  "generated_at_brt": "2025-10-20T13:35:49-03:00",
  "eq": {
    "NYSEARCA:VUG": {
      "RSI14": 57.13,
      "ATR14": 3.812199,
      "BB_MA20": 479.62305,
      "BB_LOWER": 471.175064,
      "CLOSE": 484.1700134277344
    },
    "NYSEARCA:IVW": {
      "RSI14": 56.33,
      "ATR14": 0.885216,
      "BB_MA20": 120.563906,
      "BB_LOWER": 118.704142,
      "CLOSE": 121.36810302734375
    },
    "NYSEARCA:IUSG": {
      "RSI14": 56.05,
      "ATR14": 1.187577,
      "BB_MA20": 164.3635,
      "BB_LOWER": 161.857116,
      "CLOSE": 165.35000610351562
    },
    "NYSEARCA:SGOV": {
      "RSI14": 97.07,
      "ATR14": 0.016839,
      "BB_MA20": 100.431923,
      "BB_LOWER": 100.254513,
      "CLOSE": 100.57990264892578
    },
    "NASDAQ:QQQM": {
      "RSI14": 60.66,
      "ATR14": 1.983447,
      "BB_MA20": 247.749501,
      "BB_LOWER": 243.020116,
      "CLOSE": 251.72999572753906
    },
    "NASDAQ:SOXX": {
      "RSI14": 63.77,
      "ATR14": 4.836041,
      "BB_MA20": 280.011,
      "BB_LOWER": 262.657713,
      "CLOSE": 293.82000732421875
    },
    "NASDAQ:NVDA": {
      "RSI14": 51.21,
      "ATR14": 2.871379,
      "BB_MA20": 183.785201,
      "BB_LOWER": 175.14842,
      "CLOSE": 183.61399841308594
    },
    "NASDAQ:AVGO": {
      "RSI14": 54.66,
      "ATR14": 6.787519,
      "BB_MA20": 340.411749,
      "BB_LOWER": 323.340142,
      "CLOSE": 348.9150085449219
    },
    "NYSE:TSM": {
      "RSI14": 58.73,
      "ATR14": 6.847052,
      "BB_MA20": 290.739497,
      "BB_LOWER": 269.771202,
      "CLOSE": 300.1099853515625
    },
    "NYSE:PLTR": {
      "RSI14": 55.13,
      "ATR14": 3.133468,
      "BB_MA20": 180.2855,
      "BB_LOWER": 173.550452,
      "CLOSE": 181.5500030517578
    },
    "NYSE:VST": {
      "RSI14": 44.5,
      "ATR14": 5.011852,
      "BB_MA20": 203.1045,
      "BB_LOWER": 193.744839,
      "CLOSE": 195.83999633789062
    },
    "NYSEARCA:ARGT": {
      "RSI14": 47.36,
      "ATR14": 1.360584,
      "BB_MA20": 71.496,
      "BB_LOWER": 66.777038,
      "CLOSE": 71.52999877929688
    },
    "NYSEARCA:SPY": {
      "RSI14": 58.54,
      "ATR14": 3.962191,
      "BB_MA20": 665.249997,
      "BB_LOWER": 655.287809,
      "CLOSE": 670.5900268554688
    },
    "NYSEARCA:VOO": {
      "RSI14": 58.63,
      "ATR14": 3.609111,
      "BB_MA20": 611.594775,
      "BB_LOWER": 602.451531,
      "CLOSE": 616.50732421875
    },
    "NYSEARCA:VTI": {
      "RSI14": 58.09,
      "ATR14": 2.009957,
      "BB_MA20": 327.939297,
      "BB_LOWER": 323.069678,
      "CLOSE": 330.4599914550781
    },
    "NASDAQ:QQQ": {
      "RSI14": 60.6,
      "ATR14": 4.840659,
      "BB_MA20": 601.828247,
      "BB_LOWER": 590.331237,
      "CLOSE": 611.4949951171875
    },
    "NYSEARCA:XLK": {
      "RSI14": 60.32,
      "ATR14": 2.744711,
      "BB_MA20": 283.7395,
      "BB_LOWER": 276.135765,
      "CLOSE": 288.489990234375
    },
    "NYSEARCA:SMH": {
      "RSI14": 64.09,
      "ATR14": 5.114676,
      "BB_MA20": 334.504997,
      "BB_LOWER": 315.772272,
      "CLOSE": 348.57000732421875
    },
    "NYSEARCA:IJR": {
      "RSI14": 53.81,
      "ATR14": 1.142195,
      "BB_MA20": 118.394004,
      "BB_LOWER": 115.839219,
      "CLOSE": 119.01010131835938
    },
    "NYSEARCA:IWF": {
      "RSI14": 57.26,
      "ATR14": 3.613098,
      "BB_MA20": 468.278148,
      "BB_LOWER": 460.453249,
      "CLOSE": 472.322998046875
    },
    "NYSEARCA:IWD": {
      "RSI14": 57.25,
      "ATR14": 1.133807,
      "BB_MA20": 203.222248,
      "BB_LOWER": 200.409275,
      "CLOSE": 204.52499389648438
    },
    "NYSEARCA:XLV": {
      "RSI14": 66.88,
      "ATR14": 0.889399,
      "BB_MA20": 141.2755,
      "BB_LOWER": 134.40534,
      "CLOSE": 144.39999389648438
    },
    "NYSEARCA:XLF": {
      "RSI14": 45.61,
      "ATR14": 0.401888,
      "BB_MA20": 53.26625,
      "BB_LOWER": 51.997262,
      "CLOSE": 52.625
    },
    "NYSEARCA:XLE": {
      "RSI14": 44.5,
      "ATR14": 0.745878,
      "BB_MA20": 88.329,
      "BB_LOWER": 84.452364,
      "CLOSE": 86.47000122070312
    },
    "NASDAQ:MSFT": {
      "RSI14": 51.52,
      "ATR14": 3.416727,
      "BB_MA20": 515.827998,
      "BB_LOWER": 504.783734,
      "CLOSE": 516.3400268554688
    },
    "NASDAQ:AAPL": {
      "RSI14": 67.43,
      "ATR14": 3.238323,
      "BB_MA20": 253.862064,
      "BB_LOWER": 245.100534,
      "CLOSE": 263.4613037109375
    },
    "NASDAQ:GOOGL": {
      "RSI14": 67.78,
      "ATR14": 2.82636,
      "BB_MA20": 246.7485,
      "BB_LOWER": 237.936805,
      "CLOSE": 256.45001220703125
    },
    "NASDAQ:AMZN": {
      "RSI14": 40.54,
      "ATR14": 2.677037,
      "BB_MA20": 219.475001,
      "BB_LOWER": 212.364761,
      "CLOSE": 214.80999755859375
    },
    "NASDAQ:META": {
      "RSI14": 49.71,
      "ATR14": 9.356477,
      "BB_MA20": 726.418127,
      "BB_LOWER": 694.195874,
      "CLOSE": 730.6325073242188
    },
    "NASDAQ:AMD": {
      "RSI14": 73.73,
      "ATR14": 6.903616,
      "BB_MA20": 197.242874,
      "BB_LOWER": 132.015506,
      "CLOSE": 241.46749877929688
    },
    "NASDAQ:LRCX": {
      "RSI14": 62.26,
      "ATR14": 3.332371,
      "BB_MA20": 138.535498,
      "BB_LOWER": 125.334502,
      "CLOSE": 144.49000549316406
    },
    "NASDAQ:ASML": {
      "RSI14": 69.34,
      "ATR14": 18.047262,
      "BB_MA20": 991.709506,
      "BB_LOWER": 924.11759,
      "CLOSE": 1049.6600341796875
    },
    "NYSE:COST": {
      "RSI14": 48.04,
      "ATR14": 9.23073,
      "BB_MA20": 929.266504,
      "BB_LOWER": 902.775533,
      "CLOSE": 932.760009765625
    },
    "NYSE:UNH": {
      "RSI14": 63.63,
      "ATR14": 4.337145,
      "BB_MA20": 355.667,
      "BB_LOWER": 340.4273,
      "CLOSE": 363.95001220703125
    },
    "NYSE:JPM": {
      "RSI14": 46.6,
      "ATR14": 3.075857,
      "BB_MA20": 307.109499,
      "BB_LOWER": 297.105927,
      "CLOSE": 301.57000732421875
    },
    "NYSE:BRK.B": {
      "RSI14": 46.89,
      "ATR14": 3.146022,
      "BB_MA20": 496.292999,
      "BB_LOWER": 488.409522,
      "CLOSE": 491.2699890136719
    },
    "NYSE:NVO": {
      "RSI14": 46.69,
      "ATR14": 1.002158,
      "BB_MA20": 57.48775,
      "BB_LOWER": 54.124302,
      "CLOSE": 56.064998626708984
    },
    "NYSE:LLY": {
      "RSI14": 52.85,
      "ATR14": 11.708872,
      "BB_MA20": 800.403995,
      "BB_LOWER": 710.506409,
      "CLOSE": 801.7000122070312
    }
  },
  "cr": {
    "BINANCE:BTCUSDT": {
      "RSI14": 37.81,
      "ATR14": 2175.860921,
      "BB_MA20": 115831.999,
      "BB_LOWER": 103657.123465,
      "CLOSE": 110661.57
    },
    "BINANCE:ETHUSDT": {
      "RSI14": 34.16,
      "ATR14": 141.001822,
      "BB_MA20": 4199.473,
      "BB_LOWER": 3624.856853,
      "CLOSE": 3939.07
    },
    "BINANCE:SOLUSDT": {
      "RSI14": 31.57,
      "ATR14": 8.740048,
      "BB_MA20": 207.3085,
      "BB_LOWER": 167.826942,
      "CLOSE": 187.61
    },
    "BINANCE:LINKUSDT": {
      "RSI14": 36.74,
      "ATR14": 0.948329,
      "BB_MA20": 19.9415,
      "BB_LOWER": 15.200642,
      "CLOSE": 18.53
    },
    "BINANCE:XRPUSDT": {
      "RSI14": 32.34,
      "ATR14": 0.082205,
      "BB_MA20": 2.654825,
      "BB_LOWER": 2.107081,
      "CLOSE": 2.4368
    },
    "BINANCE:FETUSDT": {
      "RSI14": 19.08,
      "ATR14": 0.02531,
      "BB_MA20": 0.42936,
      "BB_LOWER": 0.159297,
      "CLOSE": 0.2787
    },
    "BINANCE:ADAUSDT": {
      "RSI14": 29.54,
      "ATR14": 0.032161,
      "BB_MA20": 0.74432,
      "BB_LOWER": 0.553462,
      "CLOSE": 0.6582
    },
    "BINANCE:DOTUSDT": {
      "RSI14": 29.73,
      "ATR14": 0.15807,
      "BB_MA20": 3.5863,
      "BB_LOWER": 2.431339,
      "CLOSE": 3.055
    },
    "BINANCE:ATOMUSDT": {
      "RSI14": 30.3,
      "ATR14": 0.15675,
      "BB_MA20": 3.6833,
      "BB_LOWER": 2.74584,
      "CLOSE": 3.252
    },
    "BINANCE:ARBUSDT": {
      "RSI14": 26.83,
      "ATR14": 0.020428,
      "BB_MA20": 0.373105,
      "BB_LOWER": 0.252868,
      "CLOSE": 0.3194
    },
    "BINANCE:OPUSDT": {
      "RSI14": 21.33,