{
  "generated_at_brt": "2025-10-20T16:34:23-03:00",
  "eq": {
    "NYSEARCA:VUG": {
      "RSI14": 57.68,
      "ATR14": 3.862198,
      "BB_MA20": 479.658049,
      "BB_LOWER": 471.129586,
      "CLOSE": 484.8699951171875
    },
    "NYSEARCA:IVW": {
      "RSI14": 56.8,
      "ATR14": 0.894959,
      "BB_MA20": 120.570726,
      "BB_LOWER": 118.698258,
      "CLOSE": 121.50450134277344
    },
    "NYSEARCA:IUSG": {
      "RSI14": 56.73,
      "ATR14": 1.206148,
      "BB_MA20": 164.3765,
      "BB_LOWER": 161.847192,
      "CLOSE": 165.61000061035156
    },
    "NYSEARCA:SGOV": {
      "RSI14": 97.07,
      "ATR14": 0.016846,
      "BB_MA20": 100.431928,
      "BB_LOWER": 100.254502,
      "CLOSE": 100.58000183105469
    },
    "NASDAQ:QQQM": {
      "RSI14": 60.93,
      "ATR14": 1.997376,
      "BB_MA20": 247.759251,
      "BB_LOWER": 242.996396,
      "CLOSE": 251.9250030517578
    },
    "NASDAQ:SOXX": {
      "RSI14": 63.55,
      "ATR14": 4.806755,
      "BB_MA20": 279.9905,
      "BB_LOWER": 262.701665,
      "CLOSE": 293.4100036621094
    },
    "NASDAQ:NVDA": {
      "RSI14": 50.39,
      "ATR14": 2.862164,
      "BB_MA20": 183.752251,
      "BB_LOWER": 175.108084,
      "CLOSE": 182.9550018310547
    },
    "NASDAQ:AVGO": {
      "RSI14": 54.29,
      "ATR14": 6.834304,
      "BB_MA20": 340.378999,
      "BB_LOWER": 323.370371,
      "CLOSE": 348.260009765625
    },
    "NYSE:TSM": {
      "RSI14": 57.46,
      "ATR14": 6.642482,
      "BB_MA20": 290.596298,
      "BB_LOWER": 269.847971,
      "CLOSE": 297.2460021972656
    },
    "NYSE:PLTR": {
      "RSI14": 55.54,
      "ATR14": 3.162754,
      "BB_MA20": 180.306001,
      "BB_LOWER": 173.553209,
      "CLOSE": 181.9600067138672
    },
    "NYSE:VST": {
      "RSI14": 43.06,
      "ATR14": 5.180066,
      "BB_MA20": 202.98675,
      "BB_LOWER": 193.214333,
      "CLOSE": 193.48500061035156
    },
    "NYSEARCA:ARGT": {
      "RSI14": 47.03,
      "ATR14": 1.352013,
      "BB_MA20": 71.49,
      "BB_LOWER": 66.770922,
      "CLOSE": 71.41000366210938
    },
    "NYSEARCA:SPY": {
      "RSI14": 59.31,
      "ATR14": 4.03719,
      "BB_MA20": 665.302496,
      "BB_LOWER": 655.217981,
      "CLOSE": 671.6400146484375
    },
    "NYSEARCA:VOO": {
      "RSI14": 59.4,
      "ATR14": 3.677871,
      "BB_MA20": 611.642908,
      "BB_LOWER": 602.387282,
      "CLOSE": 617.469970703125
    },
    "NYSEARCA:VTI": {
      "RSI14": 58.99,
      "ATR14": 2.054243,
      "BB_MA20": 327.970297,
      "BB_LOWER": 323.029512,
      "CLOSE": 331.0799865722656
    },
    "NASDAQ:QQQ": {
      "RSI14": 60.86,
      "ATR14": 4.87316,
      "BB_MA20": 601.850998,
      "BB_LOWER": 590.276025,
      "CLOSE": 611.9500122070312
    },
    "NYSEARCA:XLK": {
      "RSI14": 60.35,
      "ATR14": 2.746854,
      "BB_MA20": 283.741,
      "BB_LOWER": 276.133506,
      "CLOSE": 288.5199890136719
    },
    "NYSEARCA:SMH": {
      "RSI14": 63.6,
      "ATR14": 5.046103,
      "BB_MA20": 334.456996,
      "BB_LOWER": 315.864282,
      "CLOSE": 347.6099853515625
    },
    "NYSEARCA:IJR": {
      "RSI14": 55.25,
      "ATR14": 1.178867,
      "BB_MA20": 118.419674,
      "BB_LOWER": 115.830557,
      "CLOSE": 119.52349853515625
    },
    "NYSEARCA:IWF": {
      "RSI14": 57.74,
      "ATR14": 3.654312,
      "BB_MA20": 468.306998,
      "BB_LOWER": 460.418662,
      "CLOSE": 472.8999938964844
    },
    "NYSEARCA:IWD": {
      "RSI14": 58.43,
      "ATR14": 1.165951,
      "BB_MA20": 203.244749,
      "BB_LOWER": 200.383666,
      "CLOSE": 204.97500610351562
    },
    "NYSEARCA:XLV": {
      "RSI14": 67.68,
      "ATR14": 0.911543,
      "BB_MA20": 141.291,
      "BB_LOWER": 134.391377,
      "CLOSE": 144.7100067138672
    },
    "NYSEARCA:XLF": {
      "RSI14": 47.47,
      "ATR14": 0.416174,
      "BB_MA20": 53.27625,
      "BB_LOWER": 52.024599,
      "CLOSE": 52.82500076293945
    },
    "NYSEARCA:XLE": {
      "RSI14": 45.97,
      "ATR14": 0.766235,
      "BB_MA20": 88.34325,
      "BB_LOWER": 84.49204,
      "CLOSE": 86.75499725341797
    },
    "NASDAQ:MSFT": {
      "RSI14": 51.34,
      "ATR14": 3.403866,
      "BB_MA20": 515.818996,
      "BB_LOWER": 504.776122,
      "CLOSE": 516.1599731445312
    },
    "NASDAQ:AAPL": {
      "RSI14": 67.59,
      "ATR14": 3.253586,
      "BB_MA20": 253.872749,
      "BB_LOWER": 245.064028,
      "CLOSE": 263.67498779296875
    },
    "NASDAQ:GOOGL": {
      "RSI14": 67.93,
      "ATR14": 2.839216,
      "BB_MA20": 246.7575,
      "BB_LOWER": 237.905912,
      "CLOSE": 256.6300048828125
    },
    "NASDAQ:AMZN": {
      "RSI14": 42.95,
      "ATR14": 2.789895,
      "BB_MA20": 219.554001,
      "BB_LOWER": 212.619916,
      "CLOSE": 216.38999938964844
    },
    "NASDAQ:META": {
      "RSI14": 50.41,
      "ATR14": 9.489154,
      "BB_MA20": 726.511002,
      "BB_LOWER": 694.230041,
      "CLOSE": 732.489990234375
    },
    "NASDAQ:AMD": {
      "RSI14": 73.6,
      "ATR14": 6.867723,
      "BB_MA20": 197.217749,
      "BB_LOWER": 132.058188,
      "CLOSE": 240.96499633789062
    },
    "NASDAQ:LRCX": {
      "RSI14": 61.99,
      "ATR14": 3.308442,
      "BB_MA20": 138.518748,
      "BB_LOWER": 125.347199,
      "CLOSE": 144.15499877929688
    },
    "NASDAQ:ASML": {
      "RSI14": 68.78,
      "ATR14": 17.723689,
      "BB_MA20": 991.483005,
      "BB_LOWER": 924.643203,
      "CLOSE": 1045.1300048828125
    },
    "NYSE:COST": {
      "RSI14": 47.82,
      "ATR14": 9.27216,
      "BB_MA20": 929.237503,
      "BB_LOWER": 902.760627,
      "CLOSE": 932.1799926757812
    },
    "NYSE:UNH": {
      "RSI14": 63.89,
      "ATR14": 4.368216,
      "BB_MA20": 355.68875,
      "BB_LOWER": 340.400662,
      "CLOSE": 364.385009765625
    },
    "NYSE:JPM": {
      "RSI14": 47.4,
      "ATR14": 3.123,
      "BB_MA20": 307.142499,
      "BB_LOWER": 297.208126,
      "CLOSE": 302.2300109863281
    },
    "NYSE:BRK.B": {
      "RSI14": 49.61,
      "ATR14": 3.153164,
      "BB_MA20": 496.413,
      "BB_LOWER": 488.769605,
      "CLOSE": 493.6700134277344
    },
    "NYSE:NVO": {
      "RSI14": 46.07,
      "ATR14": 0.99073,
      "BB_MA20": 57.47975,
      "BB_LOWER": 54.102072,
      "CLOSE": 55.904998779296875
    },
    "NYSE:LLY": {
      "RSI14": 54.13,
      "ATR14": 11.860658,
      "BB_MA20": 800.623245,
      "BB_LOWER": 710.692702,
      "CLOSE": 806.0850219726562
    }
  },
  "cr": {
    "BINANCE:BTCUSDT": {
      "RSI14": 38.01,
      "ATR14": 2182.858063,
      "BB_MA20": 115836.897,
      "BB_LOWER": 103670.269716,
      "CLOSE": 110759.53
    },
    "BINANCE:ETHUSDT": {
      "RSI14": 34.82,
      "ATR14": 138.331108,
      "BB_MA20": 4201.3425,
      "BB_LOWER": 3629.892808,
      "CLOSE": 3976.46
    },
    "BINANCE:SOLUSDT": {
      "RSI14": 31.86,
      "ATR14": 8.750762,
      "BB_MA20": 207.341,
      "BB_LOWER": 167.923338,
      "CLOSE": 188.26
    },
    "BINANCE:LINKUSDT": {
      "RSI14": 37.96,
      "ATR14": 0.9669,
      "BB_MA20": 19.9545,
      "BB_LOWER": 15.227791,
      "CLOSE": 18.79
    },
    "BINANCE:XRPUSDT": {
      "RSI14": 35.09,
      "ATR14": 0.085691,
      "BB_MA20": 2.657265,
      "BB_LOWER": 2.113004,
      "CLOSE": 2.4856
    },
    "BINANCE:FETUSDT": {
      "RSI14": 18.94,
      "ATR14": 0.025496,
      "BB_MA20": 0.42923,
      "BB_LOWER": 0.158875,
      "CLOSE": 0.2761
    },
    "BINANCE:ADAUSDT": {
      "RSI14": 30.4,
      "ATR14": 0.032561,
      "BB_MA20": 0.7446,
      "BB_LOWER": 0.554232,
      "CLOSE": 0.6638
    },
    "BINANCE:DOTUSDT": {
      "RSI14": 30.55,
      "ATR14": 0.159927,
      "BB_MA20": 3.5876,
      "BB_LOWER": 2.434978,
      "CLOSE": 3.081
    },
    "BINANCE:ATOMUSDT": {
      "RSI14": 31.48,
      "ATR14": 0.159464,
      "BB_MA20": 3.6852,
      "BB_LOWER": 2.751096,
      "CLOSE": 3.29
    },
    "BINANCE:ARBUSDT": {
      "RSI14": 27.41,
      "ATR14": 0.020592,
      "BB_MA20": 0.37322,
      "BB_LOWER": 0.253185,
      "CLOSE": 0.3217
    },
    "BINANCE:OPUSDT": {
      "RSI14": 21.87,