{
  "generated_at_brt": "2025-10-20T10:59:11-03:00",
  "eq": {
    "NYSEARCA:VUG": {
      "RSI14": 55.9,
      "ATR14": 3.706127,
      "BB_MA20": 479.548799,
      "BB_LOWER": 471.236967,
      "CLOSE": 482.68499755859375
    },
    "NYSEARCA:IVW": {
      "RSI14": 55.47,
      "ATR14": 0.868209,
      "BB_MA20": 120.552001,
      "BB_LOWER": 118.710018,
      "CLOSE": 121.12999725341797
    },
    "NYSEARCA:IUSG": {
      "RSI14": 55.61,
      "ATR14": 1.175791,
      "BB_MA20": 164.35525,
      "BB_LOWER": 161.860851,
      "CLOSE": 165.18499755859375
    },
    "NYSEARCA:SGOV": {
      "RSI14": 97.07,
      "ATR14": 0.016846,
      "BB_MA20": 100.431928,
      "BB_LOWER": 100.254502,
      "CLOSE": 100.58000183105469
    },
    "NASDAQ:QQQM": {
      "RSI14": 59.31,
      "ATR14": 1.917733,
      "BB_MA20": 247.703501,
      "BB_LOWER": 243.114049,
      "CLOSE": 250.80999755859375
    },
    "NASDAQ:SOXX": {
      "RSI14": 63.53,
      "ATR14": 4.803897,
      "BB_MA20": 279.988499,
      "BB_LOWER": 262.705868,
      "CLOSE": 293.3699951171875
    },
    "NASDAQ:NVDA": {
      "RSI14": 50.1,
      "ATR14": 2.87895,
      "BB_MA20": 183.740501,
      "BB_LOWER": 175.091394,
      "CLOSE": 182.72000122070312
    },
    "NASDAQ:AVGO": {
      "RSI14": 57.29,
      "ATR14": 7.13645,
      "BB_MA20": 340.697499,
      "BB_LOWER": 322.890651,
      "CLOSE": 354.6300048828125
    },
    "NYSE:TSM": {
      "RSI14": 59.22,
      "ATR14": 6.929555,
      "BB_MA20": 290.797249,
      "BB_LOWER": 269.719959,
      "CLOSE": 301.2650146484375
    },
    "NYSE:PLTR": {
      "RSI14": 51.36,
      "ATR14": 2.890611,
      "BB_MA20": 180.1155,
      "BB_LOWER": 173.345156,
      "CLOSE": 178.14999389648438
    },
    "NYSE:VST": {
      "RSI14": 49.71,
      "ATR14": 4.780376,
      "BB_MA20": 203.4765,
      "BB_LOWER": 194.730001,
      "CLOSE": 203.28
    },
    "NYSEARCA:ARGT": {
      "RSI14": 50.29,
      "ATR14": 1.440585,
      "BB_MA20": 71.552,
      "BB_LOWER": 66.806248,
      "CLOSE": 72.6500015258789
    },
    "NYSEARCA:SPY": {
      "RSI14": 57.12,
      "ATR14": 3.831118,
      "BB_MA20": 665.158246,
      "BB_LOWER": 655.362055,
      "CLOSE": 668.7550048828125
    },
    "NYSEARCA:VOO": {
      "RSI14": 57.65,
      "ATR14": 3.526086,
      "BB_MA20": 611.536658,
      "BB_LOWER": 602.50496,
      "CLOSE": 615.344970703125
    },
    "NYSEARCA:VTI": {
      "RSI14": 57.32,
      "ATR14": 1.973537,
      "BB_MA20": 327.913803,
      "BB_LOWER": 323.092135,
      "CLOSE": 329.9501037597656
    },
    "NASDAQ:QQQ": {
      "RSI14": 59.21,
      "ATR14": 4.676731,
      "BB_MA20": 601.713498,
      "BB_LOWER": 590.56415,
      "CLOSE": 609.2000122070312
    },
    "NYSEARCA:XLK": {
      "RSI14": 59.16,
      "ATR14": 2.666854,
      "BB_MA20": 283.685001,
      "BB_LOWER": 276.203602,
      "CLOSE": 287.3999938964844
    },
    "NYSEARCA:SMH": {
      "RSI14": 63.87,
      "ATR14": 5.083962,
      "BB_MA20": 334.483498,
      "BB_LOWER": 315.814513,
      "CLOSE": 348.1400146484375
    },
    "NYSEARCA:IJR": {
      "RSI14": 54.3,
      "ATR14": 1.154331,
      "BB_MA20": 118.402499,
      "BB_LOWER": 115.838463,
      "CLOSE": 119.18000030517578
    },
    "NYSEARCA:IWF": {
      "RSI14": 56.12,
      "ATR14": 3.519097,
      "BB_MA20": 468.212347,
      "BB_LOWER": 460.503335,
      "CLOSE": 471.0069885253906
    },
    "NYSEARCA:IWD": {
      "RSI14": 56.89,
      "ATR14": 1.124165,
      "BB_MA20": 203.215498,
      "BB_LOWER": 200.414439,
      "CLOSE": 204.38999938964844
    },
    "NYSEARCA:XLV": {
      "RSI14": 65.72,
      "ATR14": 0.859399,
      "BB_MA20": 141.2545,
      "BB_LOWER": 134.420197,
      "CLOSE": 143.97999572753906
    },
    "NYSEARCA:XLF": {
      "RSI14": 43.45,
      "ATR14": 0.386531,
      "BB_MA20": 53.2555,
      "BB_LOWER": 51.961568,
      "CLOSE": 52.40999984741211
    },
    "NYSEARCA:XLE": {
      "RSI14": 44.95,
      "ATR14": 0.75195,
      "BB_MA20": 88.33325,
      "BB_LOWER": 84.464597,
      "CLOSE": 86.55500030517578
    },
    "NASDAQ:MSFT": {
      "RSI14": 48.54,
      "ATR14": 3.220298,
      "BB_MA20": 515.689497,
      "BB_LOWER": 504.604989,
      "CLOSE": 513.5700073242188
    },
    "NASDAQ:AAPL": {
      "RSI14": 63.76,
      "ATR14": 2.910416,
      "BB_MA20": 253.632529,
      "BB_LOWER": 245.686355,
      "CLOSE": 258.87060546875
    },
    "NASDAQ:GOOGL": {
      "RSI14": 67.32,
      "ATR14": 2.786359,
      "BB_MA20": 246.720499,
      "BB_LOWER": 238.029563,
      "CLOSE": 255.88999938964844
    },
    "NASDAQ:AMZN": {
      "RSI14": 39.93,
      "ATR14": 2.649894,
      "BB_MA20": 219.456001,
      "BB_LOWER": 212.294155,
      "CLOSE": 214.42999267578125
    },
    "NASDAQ:META": {
      "RSI14": 48.83,
      "ATR14": 9.195584,
      "BB_MA20": 726.305502,
      "BB_LOWER": 694.127241,
      "CLOSE": 728.3800048828125
    },
    "NASDAQ:AMD": {
      "RSI14": 71.84,
      "ATR14": 6.438795,
      "BB_MA20": 196.9175,
      "BB_LOWER": 132.51611,
      "CLOSE": 234.9600067138672
    },
    "NASDAQ:LRCX": {
      "RSI14": 63.34,
      "ATR14": 3.430413,
      "BB_MA20": 138.604128,
      "BB_LOWER": 125.266456,
      "CLOSE": 145.8625946044922
    },
    "NASDAQ:ASML": {
      "RSI14": 68.01,
      "ATR14": 17.296547,
      "BB_MA20": 991.184006,
      "BB_LOWER": 925.259577,
      "CLOSE": 1039.1500244140625
    },
    "NYSE:COST": {
      "RSI14": 49.79,
      "ATR14": 9.045301,
      "BB_MA20": 929.493704,
      "BB_LOWER": 902.809543,
      "CLOSE": 937.3040161132812
    },
    "NYSE:UNH": {
      "RSI14": 61.7,
      "ATR14": 4.118787,
      "BB_MA20": 355.514149,
      "BB_LOWER": 340.551009,
      "CLOSE": 360.89300537109375
    },
    "NYSE:JPM": {
      "RSI14": 43.19,
      "ATR14": 2.89157,
      "BB_MA20": 306.980498,
      "BB_LOWER": 296.633858,
      "CLOSE": 298.989990234375
    },
    "NYSE:BRK.B": {
      "RSI14": 49.06,
      "ATR14": 3.119235,
      "BB_MA20": 496.38925,
      "BB_LOWER": 488.709045,
      "CLOSE": 493.19500732421875
    },
    "NYSE:NVO": {
      "RSI14": 44.96,
      "ATR14": 0.97073,
      "BB_MA20": 57.465751,
      "BB_LOWER": 54.059877,
      "CLOSE": 55.625
    },
    "NYSE:LLY": {
      "RSI14": 53.28,
      "ATR14": 11.643556,
      "BB_MA20": 800.471274,
      "BB_LOWER": 710.567895,
      "CLOSE": 803.0455932617188
    }
  },
  "cr": {
    "BINANCE:BTCUSDT": {
      "RSI14": 38.84,
      "ATR14": 2212.560206,
      "BB_MA20": 115857.6885,
      "BB_LOWER": 103724.463676,
      "CLOSE": 111175.36
    },
    "BINANCE:ETHUSDT": {
      "RSI14": 36.78,
      "ATR14": 141.935394,
      "BB_MA20": 4204.4775,
      "BB_LOWER": 3637.325278,
      "CLOSE": 4039.16
    },
    "BINANCE:SOLUSDT": {
      "RSI14": 34.15,
      "ATR14": 9.055048,
      "BB_MA20": 207.554,
      "BB_LOWER": 168.50677,
      "CLOSE": 192.52
    },
    "BINANCE:LINKUSDT": {
      "RSI14": 39.04,
      "ATR14": 0.984043,
      "BB_MA20": 19.9665,
      "BB_LOWER": 15.250471,
      "CLOSE": 19.03
    },
    "BINANCE:XRPUSDT": {
      "RSI14": 33.8,
      "ATR14": 0.084019,
      "BB_MA20": 2.656095,
      "BB_LOWER": 2.110265,
      "CLOSE": 2.4622
    },
    "BINANCE:FETUSDT": {
      "RSI14": 20.4,
      "ATR14": 0.024717,
      "BB_MA20": 0.430075,
      "BB_LOWER": 0.16154,
      "CLOSE": 0.293
    },
    "BINANCE:ADAUSDT": {
      "RSI14": 31.1,
      "ATR14": 0.032889,
      "BB_MA20": 0.74483,
      "BB_LOWER": 0.554842,
      "CLOSE": 0.6684
    },
    "BINANCE:DOTUSDT": {
      "RSI14": 31.59,
      "ATR14": 0.162355,
      "BB_MA20": 3.5893,
      "BB_LOWER": 2.439575,
      "CLOSE": 3.115
    },
    "BINANCE:ATOMUSDT": {
      "RSI14": 32.27,
      "ATR14": 0.161321,
      "BB_MA20": 3.6865,
      "BB_LOWER": 2.75453,
      "CLOSE": 3.316
    },
    "BINANCE:ARBUSDT": {
      "RSI14": 28.7,
      "ATR14": 0.020964,
      "BB_MA20": 0.37348,
      "BB_LOWER": 0.25387,
      "CLOSE": 0.3269
    },
    "BINANCE:OPUSDT": {
      "RSI14": 23.31,