{
  "generated_at_brt": "2025-10-17T15:39:03-0300",
  "eq": {
    "NYSEARCA:VUG": {
      "RSI14": 50.9,
      "ATR14": 7.09085,
      "BB_MA20": 479.761,
      "BB_LOWER": 471.502848
    },
    "NYSEARCA:IVW": {
      "RSI14": 51.08,
      "ATR14": 1.758536,
      "BB_MA20": 120.58,
      "BB_LOWER": 118.692684
    },
    "NYSEARCA:IUSG": {
      "RSI14": 50.79,
      "ATR14": 2.34915,
      "BB_MA20": 164.39388,
      "BB_LOWER": 161.838218
    },
    "NYSEARCA:SGOV": {
      "RSI14": 37.61,
      "ATR14": 0.042857,
      "BB_MA20": 100.53775,
      "BB_LOWER": 100.32401
    },
    "NASDAQ:QQQM": {
      "RSI14": 54.03,
      "ATR14": 3.771429,
      "BB_MA20": 247.573,
      "BB_LOWER": 243.191292
    },
    "NASDAQ:SOXX": {
      "RSI14": 60.63,
      "ATR14": 8.817371,
      "BB_MA20": 278.7895,
      "BB_LOWER": 262.165312
    },
    "NASDAQ:NVDA": {
      "RSI14": 52.15,
      "ATR14": 5.953207,
      "BB_MA20": 183.814,
      "BB_LOWER": 175.181095
    },
    "NASDAQ:AVGO": {
      "RSI14": 60.63,
      "ATR14": 14.674414,
      "BB_MA20": 339.931,
      "BB_LOWER": 323.244129
    },
    "NYSE:TSM": {
      "RSI14": 60.44,
      "ATR14": 12.484521,
      "BB_MA20": 289.5,
      "BB_LOWER": 267.416721
    },
    "NYSE:PLTR": {
      "RSI14": 50.08,
      "ATR14": 8.244993,
      "BB_MA20": 180.21425,
      "BB_LOWER": 173.532131
    },
    "NYSE:VST": {
      "RSI14": 53.67,
      "ATR14": 9.6276,
      "BB_MA20": 204.278,
      "BB_LOWER": 193.561147
    },
    "NYSEARCA:ARGT": {
      "RSI14": 47.11,
      "ATR14": 2.552814,
      "BB_MA20": 71.632,
      "BB_LOWER": 66.745297
    },
    "NYSEARCA:SPY": {
      "RSI14": 50.91,
      "ATR14": 8.054686,
      "BB_MA20": 665.0785,
      "BB_LOWER": 655.391366
    },
    "NYSEARCA:VOO": {
      "RSI14": 50.96,
      "ATR14": 7.340964,
      "BB_MA20": 611.873,
      "BB_LOWER": 603.387742
    },
    "NYSEARCA:VTI": {
      "RSI14": 50.57,
      "ATR14": 4.072214,
      "BB_MA20": 328.097,
      "BB_LOWER": 323.538057
    },
    "NASDAQ:QQQ": {
      "RSI14": 53.99,
      "ATR14": 9.196464,
      "BB_MA20": 601.3975,
      "BB_LOWER": 590.746605
    },
    "NYSEARCA:XLK": {
      "RSI14": 55.6,
      "ATR14": 5.274593,
      "BB_MA20": 283.4575,
      "BB_LOWER": 276.155306
    },
    "NYSEARCA:SMH": {
      "RSI14": 61.27,
      "ATR14": 9.532764,
      "BB_MA20": 333.1975,
      "BB_LOWER": 314.872997
    },
    "NYSEARCA:IJR": {
      "RSI14": 46.78,
      "ATR14": 2.036786,
      "BB_MA20": 118.41871,
      "BB_LOWER": 115.821176
    },
    "NYSEARCA:IWF": {
      "RSI14": 51.0,
      "ATR14": 6.947664,
      "BB_MA20": 468.3205,
      "BB_LOWER": 460.469005
    },
    "NYSEARCA:IWD": {
      "RSI14": 48.85,
      "ATR14": 2.293929,
      "BB_MA20": 203.1205,
      "BB_LOWER": 200.356326
    },
    "NYSEARCA:XLV": {
      "RSI14": 74.19,
      "ATR14": 2.044843,
      "BB_MA20": 140.87275,
      "BB_LOWER": 133.894013
    },
    "NYSEARCA:XLF": {
      "RSI14": 33.95,
      "ATR14": 0.828643,
      "BB_MA20": 53.337995,
      "BB_LOWER": 52.077095
    },
    "NYSEARCA:XLE": {
      "RSI14": 28.7,
      "ATR14": 1.530357,
      "BB_MA20": 88.389,
      "BB_LOWER": 84.593003
    },
    "NASDAQ:MSFT": {
      "RSI14": 50.13,
      "ATR14": 8.54685,
      "BB_MA20": 515.791,
      "BB_LOWER": 504.767024
    },
    "NASDAQ:AAPL": {
      "RSI14": 46.57,
      "ATR14": 4.5985,
      "BB_MA20": 253.496,
      "BB_LOWER": 245.831395
    },
    "NASDAQ:GOOGL": {
      "RSI14": 62.08,
      "ATR14": 5.987429,
      "BB_MA20": 246.572875,
      "BB_LOWER": 238.419042
    },
    "NASDAQ:AMZN": {
      "RSI14": 38.73,
      "ATR14": 5.547493,
      "BB_MA20": 220.142585,
      "BB_LOWER": 212.631987
    },
    "NASDAQ:META": {
      "RSI14": 40.55,
      "ATR14": 18.135707,
      "BB_MA20": 728.10375,
      "BB_LOWER": 691.678865
    },
    "NASDAQ:AMD": {
      "RSI14": 76.2,
      "ATR14": 15.083843,
      "BB_MA20": 193.11326,
      "BB_LOWER": 129.372938
    },
    "NASDAQ:LRCX": {
      "RSI14": 59.1,
      "ATR14": 6.418386,
      "BB_MA20": 137.9495,
      "BB_LOWER": 124.776923
    },
    "NASDAQ:ASML": {
      "RSI14": 61.35,
      "ATR14": 31.820121,
      "BB_MA20": 986.97075,
      "BB_LOWER": 923.764228
    },
    "NYSE:COST": {
      "RSI14": 56.76,
      "ATR14": 15.474543,
      "BB_MA20": 929.708,
      "BB_LOWER": 902.623798
    },
    "NYSE:UNH": {
      "RSI14": 60.41,
      "ATR14": 8.982136,
      "BB_MA20": 354.529,
      "BB_LOWER": 338.573128
    },
    "NYSE:JPM": {
      "RSI14": 31.03,
      "ATR14": 7.485043,
      "BB_MA20": 308.344,
      "BB_LOWER": 297.403246
    },
    "NYSE:BRK.B": {
      "RSI14": 43.17,
      "ATR14": 6.833993,
      "BB_MA20": 496.425,
      "BB_LOWER": 488.804894
    },
    "NYSE:NVO": {
      "RSI14": 44.86,
      "ATR14": 1.634843,
      "BB_MA20": 57.71,
      "BB_LOWER": 54.098302
    },
    "NYSE:LLY": {
      "RSI14": 65.27,
      "ATR14": 26.184321,
      "BB_MA20": 797.7615,
      "BB_LOWER": 705.739515
    }
  },
  "cr": {
    "BINANCE:BTCUSDT": {
      "RSI14": 26.87,
      "ATR14": 5135.305,
      "BB_MA20": 116555.7885,
      "BB_LOWER": 105708.372927
    },
    "BINANCE:ETHUSDT": {
      "RSI14": 34.85,
      "ATR14": 311.703571,
      "BB_MA20": 4234.681,
      "BB_LOWER": 3703.202062
    },
    "BINANCE:SOLUSDT": {
      "RSI14": 32.5,
      "ATR14": 18.460714,
      "BB_MA20": 210.9115,
      "BB_LOWER": 175.453116
    },
    "BINANCE:LINKUSDT": {
      "RSI14": 30.95,
      "ATR14": 2.640714,
      "BB_MA20": 20.5415,
      "BB_LOWER": 16.181361
    },
    "BINANCE:XRPUSDT": {
      "RSI14": 21.86,
      "ATR14": 0.262907,
      "BB_MA20": 2.726175,
      "BB_LOWER": 2.213787
    },
    "BINANCE:FETUSDT": {
      "RSI14": 9.42,
      "ATR14": 0.06605,
      "BB_MA20": 0.472945,
      "BB_LOWER": 0.222975
    },
    "BINANCE:ADAUSDT": {
      "RSI14": 27.97,
      "ATR14": 0.092636,
      "BB_MA20": 0.768375,
      "BB_LOWER": 0.593156
    },
    "BINANCE:DOTUSDT": {
      "RSI14": 25.83,
      "ATR14": 0.530857,
      "BB_MA20": 3.7323,
      "BB_LOWER": 2.675253
    },
    "BINANCE:ATOMUSDT": {
      "RSI14": 31.83,
      "ATR14": 0.553786,
      "BB_MA20": 3.8218,
      "BB_LOWER": 2.93445
    },
    "BINANCE:ARBUSDT": {
      "RSI14": 29.07,
      "ATR14": 0.054229,
      "BB_MA20": 0.389365,
      "BB_LOWER": 0.276027
    },
    "BINANCE:OPUSDT": {
      "RSI14": 19.75,
      "ATR14": 0.087807,
      "BB_MA20": 0.61573,
      "BB_LOWER": 0.366457
    },
    "BINANCE:AAVEUSDT": {
      "RSI14": 29.29,
      "ATR14": 34.355714,
      "BB_MA20": 264.5785,
      "BB_LOWER": 213.37971
    },
    "BINANCE:UNIUSDT": {
      "RSI14": 32.7,
      "ATR14": 0.986786,
      "BB_MA20": 7.3513,
      "BB_LOWER": 5.6671
    },
    "BINANCE:LTCUSDT": {
      "RSI14": 25.11,
      "ATR14": 12.869286,
      "BB_MA20": 107.935,
      "BB_LOWER": 85.280462
    },
    "BINANCE:TRXUSDT": {
      "RSI14": 27.89,
      "ATR14": 0.010857,
      "BB_MA20": 0.33092,
      "BB_LOWER": 0.308082
    },
    "BINANCE:TONUSDT": {
      "RSI14": 25.93,
      "ATR14": 0.300714,
      "BB_MA20": 2.54805,
      "BB_LOWER": 1.961433
    },
    "BINANCE:NEARUSDT": {
      "RSI14": 24.84,
      "ATR14": 0.326357,
      "BB_MA20": 2.6853,
      "BB_LOWER": 2.102967
    },
    "BINANCE:INJUSDT": {
      "RSI14": 23.54,
      "ATR14": 1.610714,
      "BB_MA20": 11.1375,
      "BB_LOWER": 7.549565
    }
  },
  "errors": []
}