{
  "generated_at_brt": "2025-10-24T20:36:04-03:00",
  "eq": {
    "NYSEARCA:VUG": {
      "RSI14": 61.29,
      "ATR14": 3.680648,
      "BB_MA20": 481.422998,
      "BB_LOWER": 472.574472,
      "CLOSE": 489.6199951171875
    },
    "NYSEARCA:IVW": {
      "RSI14": 60.82,
      "ATR14": 0.866686,
      "BB_MA20": 120.892501,
      "BB_LOWER": 119.003557,
      "CLOSE": 122.66999816894531
    },
    "NYSEARCA:IUSG": {
      "RSI14": 61.13,
      "ATR14": 1.18877,
      "BB_MA20": 164.809501,
      "BB_LOWER": 162.199535,
      "CLOSE": 167.38999938964844
    }
  },
  "cr": {
    "BINANCE:BTCUSDT": {
      "RSI14": 50.23,
      "ATR14": 1802.807689,
      "BB_MA20": 113487.334,
      "BB_LOWER": 101655.162677,
      "CLOSE": 111040.23
    },
    "BINANCE:ETHUSDT": {
      "RSI14": 55.07,
      "ATR14": 114.65041,
      "BB_MA20": 4083.337,
      "BB_LOWER": 3530.664737,
      "CLOSE": 3934.15
    },
    "BINANCE:SOLUSDT": {
      "RSI14": 57.6,
      "ATR14": 7.81057,
      "BB_MA20": 199.0705,
      "BB_LOWER": 164.520267,
      "CLOSE": 193.52
    }
  },
  "errors": []
}